cell,baseline_log_gap,contract_delete_min,contract_delete_max,contract_delete_sign_changes,date_delete_min,date_delete_max,date_delete_sign_changes,date_delete_not_computable
4_250_20,-0.09485180052267655,-0.10512501511831737,-0.08529985049179359,0,-0.10051111234066723,-0.08649734620554232,0,0
4_250_30,-0.06872753349014485,-0.08341437659450165,-0.04944941270559543,0,-0.07397594267652159,-0.06389385065935259,0,0
4_250_45,-0.08572434306109607,-0.09046483981632095,-0.08192964151514738,0,-0.08716481053321401,-0.08386770928312502,0,0
4_500_20,-0.056115215575788475,-0.06284627371067454,-0.04664637230143339,0,-0.06195873986806864,-0.053509213102131685,0,0
4_500_30,-0.07047846892441116,-0.07881074329195754,-0.06349380670292669,0,-0.07601088218842429,-0.06778885237117269,0,0
4_500_45,-0.07181158959885253,-0.0785579907654476,-0.06797015345013731,0,-0.07760064539306534,-0.07005721420061327,0,0
4_1000_20,-0.035806236059099904,-0.04294105146000629,-0.02370078454494928,0,-0.041592387113953785,-0.031390097393957324,0,0
4_1000_30,-0.05398177685761959,-0.05900488903522176,-0.05081758574022589,0,-0.059946343312803275,-0.0509476294041063,0,0
4_1000_45,-0.0641020437724122,-0.07081190676358318,-0.06092664980412651,0,-0.0701201060447643,-0.06311945439516725,0,0
5_250_20,-0.1503354666655701,-0.1567324862201553,-0.1434773615995677,0,-0.1857826552368984,-0.11241754737787892,0,0
5_250_30,-0.09994293351862656,-0.11216775762891726,-0.08476186852071661,0,-0.10578844079429779,-0.09169285422580253,0,0
5_250_45,-0.08964118113884335,-0.10340439679423916,-0.07856214983147161,0,-0.09396787857126844,-0.08597191217580481,0,0
5_500_20,-0.08244244986990414,-0.09091880411121267,-0.07175343519737729,0,-0.08737222985458122,-0.07630697182819561,0,0
5_500_30,-0.06151034264948161,-0.06667126163156381,-0.05654207831575849,0,-0.06352012985179571,-0.05904841357121385,0,0
5_500_45,-0.07231809093456192,-0.07743338549164966,-0.06629412374026739,0,-0.07743427353598731,-0.07021166600909189,0,0
5_1000_20,-0.06853130434217222,-0.07834996216906649,-0.053152691585032254,0,-0.07487768372903737,-0.06581535945994162,0,0
5_1000_30,-0.044724359896824835,-0.048829149415363114,-0.04141936705398425,0,-0.04759474673552518,-0.04041600491735152,0,0
5_1000_45,-0.067527642008107,-0.07004215918371234,-0.06383557869022284,0,-0.06936592308330343,-0.06579422875296695,0,0
6_250_30,-0.11178040192033405,-0.14927307987735408,-0.08985905504763911,0,-0.12664557898119366,-0.09431411698120727,0,0
6_250_45,-0.10392483498100213,-0.12669321893064142,-0.09437826938294944,0,-0.11602898140268907,-0.09099557801595858,0,0
6_500_20,-0.062442322668011196,-0.07078392398533165,-0.0513968107483664,0,-0.0830113545950173,-0.04442902480377014,0,0
6_500_30,-0.05083569911912727,-0.06336977316397223,-0.035408414208792365,0,-0.056973539343925926,-0.04481358194651549,0,0
6_500_45,-0.07881652710087445,-0.08421434985096225,-0.07065350292096328,0,-0.08219699601618251,-0.07359586856034236,0,0
6_1000_20,-0.06126677843390129,-0.07600087008363247,-0.04789246772410662,0,-0.0661022942942811,-0.05395759242756674,0,0
6_1000_30,-0.04850788975724101,-0.05843966449453301,-0.03633507621219414,0,-0.05328094505116714,-0.04360611138821393,0,0
6_1000_45,-0.05396551495891663,-0.0623195207231471,-0.04973411475736628,0,-0.0577846379868364,-0.050467164354494505,0,0
8_500_30,-0.07326371477784392,-0.14194754230528395,-0.018474194420150154,0,-0.1132883939219028,-0.03934949747493903,0,0
8_500_45,-0.022620486321572875,-0.03313342624752843,-0.013551946356830519,0,-0.03595534111542226,-0.009239356379217028,0,0
8_1000_20,-0.07418739688347123,-0.1255305720911613,-0.021444335305874987,0,-0.09802653592363969,-0.030441446851262054,0,0
8_1000_30,0.028198695602974017,0.01970639529807287,0.042659535038254134,0,0.01370172160021197,0.04139563667366493,0,0
8_1000_45,-0.025116916742800453,-0.04225589704620596,-0.009095194162787621,0,-0.03231631642940513,-0.01880898839976203,0,0
