# meta,indicator=aVolClusterPOI,version=0.5,instrument=6E 09-26,tick_size=5E-05,window_bars=10,median_mult=2,max_gap_ticks=1,min_cluster_ticks=2,bucket_minutes=30,percentile=98,lookback_sessions=20,min_samples=20,predictive_filter=0,min_quality=0,reaction_horizon=50,reaction_target_ticks=12,reaction_stop_ticks=8,quality_formula=heuristic_v1_not_probability,session_buckets=1,invalidation=CloseThrough,max_age_bars=0,max_touches=0,one_cluster_per_block=1,kinds=OFF_PRICE|AT_PRICE,export=ZONE_CREATED|AT_PRICE_CREATED|FIRST_TOUCH|ZONE_INVALIDATED,footprint=reconstructed_1tick_subseries,quantile=empirical_no_interp,write_mode=overwrite
event_seq,event_type,bar_index,bar_close_time,session_index,bucket,zone_id,lower_tick,upper_tick,score,threshold,samples,touch_count,reason,direction,anomaly_ratio,cluster_share,density,quality_score,distance_ticks,burst_count,touch_bar,mfe_ticks,mae_ticks,outcome
1,ZONE_CREATED,9732,2026-04-10T06:22:00.000,7,22,1,23564,23572,2540,2063,21,0,OFF_PRICE,SHORT,1.231217,0.330729,0.888889,64.1,5,1,,0,0,
2,FIRST_TOUCH,9733,2026-04-10T06:23:00.000,7,22,1,23564,23572,2540,,0,1,first_touch,SHORT,1.231217,0.330729,0.888889,64.1,5,1,,0,0,
3,ZONE_INVALIDATED,9767,2026-04-10T06:57:00.000,7,22,1,23564,23572,2540,,0,9,close_through_up,SHORT,1.231217,0.330729,0.888889,64.1,5,1,9733,13,7,TARGET
4,ZONE_CREATED,10012,2026-04-10T11:02:00.000,7,32,2,23605,23611,2662,2367,21,0,OFF_PRICE,LONG,1.12463,0.745867,1,60.81,7,1,,0,0,
5,FIRST_TOUCH,10022,2026-04-10T11:12:00.000,7,32,2,23605,23611,2662,,0,1,first_touch,LONG,1.12463,0.745867,1,60.81,7,1,,0,0,
6,ZONE_INVALIDATED,10061,2026-04-10T11:51:00.000,7,32,2,23605,23611,2662,,0,11,close_through_down,LONG,1.12463,0.745867,1,60.81,7,1,10022,12,3,TARGET
7,ZONE_CREATED,10950,2026-04-13T03:43:00.000,8,17,3,23516,23523,1155,1105,23,0,OFF_PRICE,SHORT,1.045249,0.642738,0.875,50.88,5,1,,0,0,
8,FIRST_TOUCH,10960,2026-04-13T03:53:00.000,8,17,3,23516,23523,1155,,0,1,first_touch,SHORT,1.045249,0.642738,0.875,50.88,5,1,,0,0,
9,ZONE_INVALIDATED,10968,2026-04-13T04:01:00.000,8,17,3,23516,23523,1155,,0,7,close_through_up,SHORT,1.045249,0.642738,0.875,50.88,5,1,10960,4,9,STOP
10,ZONE_CREATED,11250,2026-04-13T08:43:00.000,8,27,4,23533,23537,846,658,24,0,OFF_PRICE,LONG,1.285714,0.576294,0.8,62.83,2,1,,0,0,
11,FIRST_TOUCH,11252,2026-04-13T08:45:00.000,8,27,4,23533,23537,846,,0,1,first_touch,LONG,1.285714,0.576294,0.8,62.83,2,1,,0,0,
12,ZONE_INVALIDATED,11258,2026-04-13T08:51:00.000,8,27,4,23533,23537,846,,0,7,close_through_down,LONG,1.285714,0.576294,0.8,62.83,2,1,11252,2,6,
13,AT_PRICE_CREATED,11550,2026-04-13T13:43:00.000,8,37,5,23589,23594,3123,2877,21,0,AT_PRICE,NEUTRAL,1.085506,0.4996,1,49.32,0,1,,0,0,
14,ZONE_CREATED,11660,2026-04-13T15:33:00.000,8,41,6,23624,23627,3477,2052,21,0,OFF_PRICE,LONG,1.694444,0.435878,1,96.67,19,2,,0,0,
15,ZONE_CREATED,12377,2026-04-14T05:03:00.000,9,20,7,23712,23717,1812,1528,27,0,OFF_PRICE,SHORT,1.185864,0.796484,1,57.59,1,1,,0,0,
16,FIRST_TOUCH,12378,2026-04-14T05:04:00.000,9,20,7,23712,23717,1812,,0,1,first_touch,SHORT,1.185864,0.796484,1,57.59,1,1,,0,0,
17,ZONE_INVALIDATED,12419,2026-04-14T05:45:00.000,9,20,7,23712,23717,1812,,0,19,close_through_up,SHORT,1.185864,0.796484,1,57.59,1,1,12378,9,9,STOP
18,ZONE_CREATED,12587,2026-04-14T08:33:00.000,9,27,8,23752,23756,877,846,27,0,OFF_PRICE,SHORT,1.036643,0.861493,1,53.4,6,1,,0,0,
19,FIRST_TOUCH,12595,2026-04-14T08:41:00.000,9,27,8,23752,23756,877,,0,1,first_touch,SHORT,1.036643,0.861493,1,53.4,6,1,,0,0,
20,ZONE_INVALIDATED,12613,2026-04-14T08:59:00.000,9,27,8,23752,23756,877,,0,16,close_through_up,SHORT,1.036643,0.861493,1,53.4,6,1,12595,8,8,STOP
21,AT_PRICE_CREATED,13423,2026-04-14T23:41:00.000,10,9,9,23712,23714,352,348,30,0,AT_PRICE,NEUTRAL,1.011494,0.56051,0.666667,39.14,0,1,,0,0,
22,AT_PRICE_CREATED,14203,2026-04-15T12:48:00.000,10,35,10,23753,23754,2675,2145,27,0,AT_PRICE,NEUTRAL,1.247086,0.794004,1,60.63,0,1,,0,0,
23,ZONE_CREATED,14791,2026-04-16T00:04:00.000,11,10,11,23782,23787,602,294,28,0,OFF_PRICE,LONG,2.047619,0.652928,0.833333,77.08,1,1,,0,0,
24,FIRST_TOUCH,14792,2026-04-16T00:05:00.000,11,10,11,23782,23787,602,,0,1,first_touch,LONG,2.047619,0.652928,0.833333,77.08,1,1,,0,0,
25,ZONE_INVALIDATED,14809,2026-04-16T00:22:00.000,11,10,11,23782,23787,602,,0,13,close_through_down,LONG,2.047619,0.652928,0.833333,77.08,1,1,14792,10,6,
26,ZONE_CREATED,16752,2026-04-17T10:02:00.000,12,30,12,23802,23805,3509,1623,36,0,OFF_PRICE,LONG,2.162046,0.377962,1,93.33,12,1,,0,0,
27,ZONE_CREATED,16762,2026-04-17T10:12:00.000,12,30,13,23842,23844,2121,1623,36,0,OFF_PRICE,LONG,1.306839,0.243346,1,71.9,3,2,,0,0,
28,FIRST_TOUCH,16763,2026-04-17T10:13:00.000,12,30,13,23842,23844,2121,,0,1,first_touch,LONG,1.306839,0.243346,1,71.9,3,2,,0,0,
29,ZONE_INVALIDATED,16764,2026-04-17T10:14:00.000,12,30,13,23842,23844,2121,,0,2,close_through_down,LONG,1.306839,0.243346,1,71.9,3,2,16763,3,9,STOP
30,FIRST_TOUCH,16797,2026-04-17T10:47:00.000,12,30,12,23802,23805,3509,,0,1,first_touch,LONG,2.162046,0.377962,1,93.33,12,1,,0,0,
31,ZONE_INVALIDATED,16798,2026-04-17T10:48:00.000,12,30,12,23802,23805,3509,,0,2,close_through_down,LONG,2.162046,0.377962,1,93.33,12,1,16797,14,9,AMBIGUOUS
32,ZONE_CREATED,16802,2026-04-17T10:52:00.000,12,31,14,23803,23807,3670,2196,36,0,OFF_PRICE,LONG,1.67122,0.347242,1,87.5,2,3,,0,0,
33,AT_PRICE_CREATED,16812,2026-04-17T11:02:00.000,12,32,15,23812,23816,4428,2662,36,0,AT_PRICE,NEUTRAL,1.663411,0.724121,1,85,0,4,,0,0,
34,FIRST_TOUCH,16818,2026-04-17T11:08:00.000,12,31,14,23803,23807,3670,,0,1,first_touch,LONG,1.67122,0.347242,1,87.5,2,3,,0,0,
35,ZONE_INVALIDATED,16819,2026-04-17T11:09:00.000,12,31,14,23803,23807,3670,,0,2,close_through_down,LONG,1.67122,0.347242,1,87.5,2,3,16818,6,5,
36,ZONE_CREATED,17142,2026-04-17T16:32:00.000,12,43,16,23699,23704,963,490,33,0,OFF_PRICE,SHORT,1.965306,0.681047,0.666667,74.58,1,1,,0,0,
37,FIRST_TOUCH,17143,2026-04-17T16:33:00.000,12,43,16,23699,23704,963,,0,1,first_touch,SHORT,1.965306,0.681047,0.666667,74.58,1,1,,0,0,
38,AT_PRICE_CREATED,17152,2026-04-17T16:42:00.000,12,43,17,23688,23690,656,490,33,0,AT_PRICE,NEUTRAL,1.338776,0.35212,0.666667,65.38,0,2,,0,0,
39,ZONE_CREATED,17162,2026-04-17T16:52:00.000,12,43,18,23688,23690,774,490,33,0,OFF_PRICE,SHORT,1.579592,0.869663,1,86.25,1,3,,0,0,
40,FIRST_TOUCH,17164,2026-04-17T16:54:00.000,12,43,18,23688,23690,774,,0,1,first_touch,SHORT,1.579592,0.869663,1,86.25,1,3,,0,0,
41,ZONE_INVALIDATED,17186,2026-04-17T17:16:00.000,12,43,18,23688,23690,774,,0,7,close_through_up,SHORT,1.579592,0.869663,1,86.25,1,3,17164,8,4,
42,ZONE_INVALIDATED,17231,2026-04-19T19:01:00.000,13,41,6,23624,23627,3477,,0,0,close_through_down,LONG,1.694444,0.435878,1,96.67,19,2,,0,0,
43,ZONE_CREATED,17240,2026-04-19T19:10:00.000,13,0,19,23610,23616,1630,1024,31,0,OFF_PRICE,LONG,1.591797,0.674111,1,84.58,5,1,,0,0,
44,FIRST_TOUCH,17246,2026-04-19T19:16:00.000,13,0,19,23610,23616,1630,,0,1,first_touch,LONG,1.591797,0.674111,1,84.58,5,1,,0,0,
45,ZONE_INVALIDATED,17254,2026-04-19T19:24:00.000,13,0,19,23610,23616,1630,,0,7,close_through_down,LONG,1.591797,0.674111,1,84.58,5,1,17246,6,9,STOP
46,ZONE_INVALIDATED,18172,2026-04-20T10:45:00.000,13,43,16,23699,23704,963,,0,8,close_through_up,SHORT,1.965306,0.681047,0.666667,74.58,1,1,17143,12,1,TARGET
47,ZONE_CREATED,19742,2026-04-21T14:31:00.000,14,39,20,23602,23604,1233,785,39,0,OFF_PRICE,LONG,1.570701,0.348404,1,88.33,8,1,,0,0,
48,ZONE_CREATED,19762,2026-04-21T14:51:00.000,14,39,21,23659,23662,1308,785,39,0,OFF_PRICE,SHORT,1.666242,0.144482,0.75,82.64,19,1,,0,0,
49,ZONE_CREATED,19772,2026-04-21T15:01:00.000,14,40,22,23625,23633,2414,1847,39,0,OFF_PRICE,LONG,1.306984,0.734632,0.888889,76.07,5,3,,0,0,
50,FIRST_TOUCH,19776,2026-04-21T15:05:00.000,14,40,22,23625,23633,2414,,0,1,first_touch,LONG,1.306984,0.734632,0.888889,76.07,5,3,,0,0,
51,ZONE_INVALIDATED,19783,2026-04-21T15:12:00.000,14,40,22,23625,23633,2414,,0,8,close_through_down,LONG,1.306984,0.734632,0.888889,76.07,5,3,19776,6,10,STOP
52,FIRST_TOUCH,19799,2026-04-21T15:28:00.000,14,39,20,23602,23604,1233,,0,1,first_touch,LONG,1.570701,0.348404,1,88.33,8,1,,0,0,
53,AT_PRICE_CREATED,19862,2026-04-21T16:31:00.000,14,43,23,23640,23645,1748,963,39,0,AT_PRICE,NEUTRAL,1.815161,0.819119,1,85,0,4,,0,0,
54,ZONE_INVALIDATED,19873,2026-04-21T16:42:00.000,14,39,20,23602,23604,1233,,0,3,close_through_down,LONG,1.570701,0.348404,1,88.33,8,1,19799,15,0,TARGET
55,FIRST_TOUCH,20368,2026-04-22T02:21:00.000,15,39,21,23659,23662,1308,,0,1,first_touch,SHORT,1.666242,0.144482,0.75,82.64,19,1,,0,0,
56,ZONE_INVALIDATED,20368,2026-04-22T02:21:00.000,15,39,21,23659,23662,1308,,0,1,close_through_up,SHORT,1.666242,0.144482,0.75,82.64,19,1,20368,5,5,
57,ZONE_CREATED,20371,2026-04-22T02:24:00.000,15,14,24,23646,23654,1705,398,45,0,OFF_PRICE,LONG,4.28392,0.484926,0.888889,79.17,2,1,,0,0,
58,FIRST_TOUCH,20372,2026-04-22T02:25:00.000,15,14,24,23646,23654,1705,,0,1,first_touch,LONG,4.28392,0.484926,0.888889,79.17,2,1,,0,0,
59,ZONE_INVALIDATED,20403,2026-04-22T02:56:00.000,15,14,24,23646,23654,1705,,0,31,close_through_down,LONG,4.28392,0.484926,0.888889,79.17,2,1,20372,8,8,STOP
60,AT_PRICE_CREATED,22105,2026-04-23T08:56:00.000,16,27,25,23531,23534,1478,877,48,0,AT_PRICE,NEUTRAL,1.685291,0.349988,1,78.33,0,1,,0,0,
61,AT_PRICE_CREATED,22425,2026-04-23T14:16:00.000,16,38,26,23505,23509,1785,1322,45,0,AT_PRICE,NEUTRAL,1.350227,0.602024,1,67.85,0,1,,0,0,
62,ZONE_CREATED,22465,2026-04-23T14:56:00.000,16,39,27,23489,23492,1526,1308,45,0,OFF_PRICE,LONG,1.166667,0.21941,1,73.33,23,2,,0,0,
63,FIRST_TOUCH,22922,2026-04-24T00:05:00.000,17,39,27,23489,23492,1526,,0,1,first_touch,LONG,1.166667,0.21941,1,73.33,23,2,,0,0,
64,ZONE_INVALIDATED,22948,2026-04-24T00:31:00.000,17,39,27,23489,23492,1526,,0,10,close_through_down,LONG,1.166667,0.21941,1,73.33,23,2,22922,2,4,
65,ZONE_CREATED,24560,2026-04-27T04:58:00.000,18,19,28,23616,23621,1340,1339,54,0,OFF_PRICE,LONG,1.000747,0.749022,0.833333,42.14,1,1,,0,0,
66,FIRST_TOUCH,24565,2026-04-27T05:03:00.000,18,19,28,23616,23621,1340,,0,1,first_touch,LONG,1.000747,0.749022,0.833333,42.14,1,1,,0,0,
67,ZONE_INVALIDATED,24796,2026-04-27T08:54:00.000,18,19,28,23616,23621,1340,,0,64,close_through_down,LONG,1.000747,0.749022,0.833333,42.14,1,1,24565,13,2,TARGET
68,AT_PRICE_CREATED,26125,2026-04-28T08:40:00.000,19,27,29,23513,23516,902,877,57,0,AT_PRICE,NEUTRAL,1.028506,0.58156,1,45.33,0,1,,0,0,
69,AT_PRICE_CREATED,26145,2026-04-28T09:00:00.000,19,27,30,23503,23505,1647,877,57,0,AT_PRICE,NEUTRAL,1.877993,0.644618,1,81.67,0,2,,0,0,
70,ZONE_CREATED,27643,2026-04-29T12:02:00.000,20,34,31,23531,23535,4709,4408,58,0,OFF_PRICE,SHORT,1.068285,0.695363,1,49.36,1,1,,0,0,
71,FIRST_TOUCH,27647,2026-04-29T12:06:00.000,20,34,31,23531,23535,4709,,0,1,first_touch,SHORT,1.068285,0.695363,1,49.36,1,1,,0,0,
72,ZONE_INVALIDATED,27690,2026-04-29T12:49:00.000,20,34,31,23531,23535,4709,,0,8,close_through_up,SHORT,1.068285,0.695363,1,49.36,1,1,27647,13,4,TARGET
73,AT_PRICE_CREATED,27803,2026-04-29T14:42:00.000,20,39,32,23494,23496,1953,1308,57,0,AT_PRICE,NEUTRAL,1.493119,0.620394,1,81.19,0,2,,0,0,
74,AT_PRICE_CREATED,27863,2026-04-29T15:42:00.000,20,41,33,23472,23485,4945,2064,57,0,AT_PRICE,NEUTRAL,2.395833,0.690064,0.928571,80.6,0,2,,0,0,
75,AT_PRICE_CREATED,28261,2026-04-29T23:35:00.000,21,9,34,23465,23466,614,350,58,0,AT_PRICE,NEUTRAL,1.754286,0.320794,1,78.33,0,1,,0,0,
76,ZONE_CREATED,28271,2026-04-29T23:45:00.000,21,9,35,23464,23465,359,350,58,0,OFF_PRICE,SHORT,1.025714,0.591433,1,53.47,4,2,,0,0,
77,FIRST_TOUCH,28285,2026-04-29T23:59:00.000,21,9,35,23464,23465,359,,0,1,first_touch,SHORT,1.025714,0.591433,1,53.47,4,2,,0,0,
78,ZONE_INVALIDATED,28287,2026-04-30T00:01:00.000,21,9,35,23464,23465,359,,0,3,close_through_up,SHORT,1.025714,0.591433,1,53.47,4,2,28285,2,4,
79,ZONE_CREATED,28591,2026-04-30T05:06:00.000,21,20,36,23490,23498,1586,1528,60,0,OFF_PRICE,LONG,1.037958,0.401316,0.777778,57.66,18,1,,0,0,
80,FIRST_TOUCH,28621,2026-04-30T05:36:00.000,21,20,36,23490,23498,1586,,0,1,first_touch,LONG,1.037958,0.401316,0.777778,57.66,18,1,,0,0,
81,ZONE_CREATED,28621,2026-04-30T05:36:00.000,21,21,37,23501,23505,1145,1080,59,0,OFF_PRICE,SHORT,1.060185,0.858965,1,55.88,4,2,,0,0,
82,FIRST_TOUCH,28624,2026-04-30T05:39:00.000,21,21,37,23501,23505,1145,,0,1,first_touch,SHORT,1.060185,0.858965,1,55.88,4,2,,0,0,
83,ZONE_INVALIDATED,28624,2026-04-30T05:39:00.000,21,21,37,23501,23505,1145,,0,1,close_through_up,SHORT,1.060185,0.858965,1,55.88,4,2,28624,3,12,STOP
84,ZONE_INVALIDATED,28641,2026-04-30T05:56:00.000,21,20,36,23490,23498,1586,,0,12,close_through_down,LONG,1.037958,0.401316,0.777778,57.66,18,1,28621,15,2,TARGET
85,AT_PRICE_CREATED,28701,2026-04-30T06:56:00.000,21,23,38,23520,23524,978,668,59,0,AT_PRICE,NEUTRAL,1.464072,0.594529,0.8,79.49,0,3,,0,0,
86,ZONE_CREATED,28741,2026-04-30T07:36:00.000,21,25,39,23551,23553,1921,1348,59,0,OFF_PRICE,SHORT,1.425074,0.212476,1,83.92,6,2,,0,0,
87,FIRST_TOUCH,28750,2026-04-30T07:45:00.000,21,25,39,23551,23553,1921,,0,1,first_touch,SHORT,1.425074,0.212476,1,83.92,6,2,,0,0,
88,ZONE_CREATED,28751,2026-04-30T07:46:00.000,21,25,40,23540,23546,4329,1348,59,0,OFF_PRICE,SHORT,3.211424,0.767553,1,87.5,2,4,,0,0,
89,FIRST_TOUCH,28754,2026-04-30T07:49:00.000,21,25,40,23540,23546,4329,,0,1,first_touch,SHORT,3.211424,0.767553,1,87.5,2,4,,0,0,
90,ZONE_INVALIDATED,28755,2026-04-30T07:50:00.000,21,25,40,23540,23546,4329,,0,2,close_through_up,SHORT,3.211424,0.767553,1,87.5,2,4,28754,6,9,STOP
91,ZONE_INVALIDATED,28760,2026-04-30T07:55:00.000,21,25,39,23551,23553,1921,,0,5,close_through_up,SHORT,1.425074,0.212476,1,83.92,6,2,28750,13,0,TARGET
92,AT_PRICE_CREATED,28781,2026-04-30T08:16:00.000,21,26,41,23547,23551,2683,1512,60,0,AT_PRICE,NEUTRAL,1.774471,0.553196,1,85,0,4,,0,0,
93,AT_PRICE_CREATED,28811,2026-04-30T08:46:00.000,21,27,42,23562,23567,2458,1478,60,0,AT_PRICE,NEUTRAL,1.663058,0.675832,0.833333,82.5,0,4,,0,0,
94,ZONE_CREATED,29141,2026-04-30T14:16:00.000,21,38,43,23583,23586,1385,1097,57,0,OFF_PRICE,SHORT,1.262534,0.869429,1,64.21,2,1,,0,0,
95,FIRST_TOUCH,29145,2026-04-30T14:20:00.000,21,38,43,23583,23586,1385,,0,1,first_touch,SHORT,1.262534,0.869429,1,64.21,2,1,,0,0,
96,ZONE_INVALIDATED,29146,2026-04-30T14:21:00.000,21,38,43,23583,23586,1385,,0,2,close_through_up,SHORT,1.262534,0.869429,1,64.21,2,1,29145,0,5,
97,ZONE_CREATED,29311,2026-04-30T17:06:00.000,21,44,44,23599,23603,2911,1414,55,0,OFF_PRICE,SHORT,2.058699,0.826284,1,82.92,1,2,,0,0,
98,FIRST_TOUCH,29321,2026-04-30T17:16:00.000,21,44,44,23599,23603,2911,,0,1,first_touch,SHORT,2.058699,0.826284,1,82.92,1,2,,0,0,
99,ZONE_INVALIDATED,29339,2026-04-30T17:34:00.000,21,44,44,23599,23603,2911,,0,18,close_through_up,SHORT,2.058699,0.826284,1,82.92,1,2,29321,4,6,
100,AT_PRICE_CREATED,29843,2026-05-01T03:47:00.000,22,17,45,23582,23587,1141,1105,59,0,AT_PRICE,NEUTRAL,1.032579,0.653868,1,45.61,0,1,,0,0,
101,ZONE_CREATED,29913,2026-05-01T04:57:00.000,22,19,46,23608,23613,1589,1339,60,0,OFF_PRICE,SHORT,1.186706,0.802931,1,72.24,10,2,,0,0,
102,FIRST_TOUCH,29917,2026-05-01T05:01:00.000,22,19,46,23608,23613,1589,,0,1,first_touch,SHORT,1.186706,0.802931,1,72.24,10,2,,0,0,
103,ZONE_INVALIDATED,29939,2026-05-01T05:23:00.000,22,19,46,23608,23613,1589,,0,7,close_through_up,SHORT,1.186706,0.802931,1,72.24,10,2,29917,12,1,TARGET
104,AT_PRICE_CREATED,30403,2026-05-01T13:07:00.000,22,36,47,23640,23645,1963,1957,57,0,AT_PRICE,NEUTRAL,1.003066,0.673413,0.833333,41.05,0,1,,0,0,
105,AT_PRICE_CREATED,30423,2026-05-01T13:27:00.000,22,36,48,23627,23634,3458,1957,57,0,AT_PRICE,NEUTRAL,1.76699,0.821183,1,81.67,0,2,,0,0,
106,AT_PRICE_CREATED,31025,2026-05-04T00:48:00.000,23,11,49,23588,23591,1128,292,60,0,AT_PRICE,NEUTRAL,3.863014,0.555939,1,78.33,0,1,,0,0,
107,AT_PRICE_CREATED,31035,2026-05-04T00:58:00.000,23,11,50,23604,23606,986,292,60,0,AT_PRICE,NEUTRAL,3.376712,0.371235,1,81.67,0,2,,0,0,
108,ZONE_CREATED,31405,2026-05-04T07:12:00.000,23,24,51,23544,23551,3489,1437,60,0,OFF_PRICE,SHORT,2.427975,0.402329,1,93.33,21,1,,0,0,
109,FIRST_TOUCH,31426,2026-05-04T07:33:00.000,23,24,51,23544,23551,3489,,0,1,first_touch,SHORT,2.427975,0.402329,1,93.33,21,1,,0,0,
110,ZONE_INVALIDATED,31429,2026-05-04T07:36:00.000,23,24,51,23544,23551,3489,,0,4,close_through_up,SHORT,2.427975,0.402329,1,93.33,21,1,31426,4,15,STOP
111,AT_PRICE_CREATED,31435,2026-05-04T07:42:00.000,23,25,52,23549,23554,2509,2246,60,0,AT_PRICE,NEUTRAL,1.117097,0.625998,1,54.86,0,2,,0,0,
112,ZONE_CREATED,32421,2026-05-05T02:07:00.000,24,14,53,23483,23484,484,398,58,0,OFF_PRICE,LONG,1.21608,0.64106,1,62.21,3,1,,0,0,
113,FIRST_TOUCH,32431,2026-05-05T02:17:00.000,24,14,53,23483,23484,484,,0,1,first_touch,LONG,1.21608,0.64106,1,62.21,3,1,,0,0,
114,AT_PRICE_CREATED,32481,2026-05-05T03:07:00.000,24,16,54,23495,23498,884,725,60,0,AT_PRICE,NEUTRAL,1.21931,0.629181,0.75,58.27,0,2,,0,0,
115,AT_PRICE_CREATED,32691,2026-05-05T06:37:00.000,24,23,55,23504,23508,745,668,60,0,AT_PRICE,NEUTRAL,1.115269,0.689177,1,51.4,0,1,,0,0,
116,ZONE_CREATED,33408,2026-05-05T19:57:00.000,25,1,56,23521,23524,1111,903,52,0,OFF_PRICE,LONG,1.230343,0.407856,1,74.46,17,1,,0,0,
117,ZONE_CREATED,33588,2026-05-05T22:57:00.000,25,7,57,23577,23579,859,567,60,0,OFF_PRICE,SHORT,1.514991,0.662298,1,83.33,4,1,,0,0,
118,FIRST_TOUCH,33596,2026-05-05T23:05:00.000,25,7,57,23577,23579,859,,0,1,first_touch,SHORT,1.514991,0.662298,1,83.33,4,1,,0,0,
119,ZONE_INVALIDATED,33734,2026-05-06T01:28:00.000,25,7,57,23577,23579,859,,0,3,close_through_up,SHORT,1.514991,0.662298,1,83.33,4,1,33596,12,1,TARGET
120,AT_PRICE_CREATED,33738,2026-05-06T01:32:00.000,25,13,58,23580,23586,2197,215,57,0,AT_PRICE,NEUTRAL,10.218605,0.645228,1,81.67,0,2,,0,0,
121,AT_PRICE_CREATED,34028,2026-05-06T06:22:00.000,25,22,59,23651,23656,1499,1023,60,0,AT_PRICE,NEUTRAL,1.465298,0.691102,1,75.9,0,1,,0,0,
122,ZONE_CREATED,34148,2026-05-06T08:22:00.000,25,26,60,23697,23700,1728,1585,60,0,OFF_PRICE,SHORT,1.090221,0.754256,1,50.9,1,1,,0,0,
123,FIRST_TOUCH,34149,2026-05-06T08:23:00.000,25,26,60,23697,23700,1728,,0,1,first_touch,SHORT,1.090221,0.754256,1,50.9,1,1,,0,0,
124,ZONE_INVALIDATED,34152,2026-05-06T08:26:00.000,25,26,60,23697,23700,1728,,0,2,close_through_up,SHORT,1.090221,0.754256,1,50.9,1,1,34149,4,6,
125,AT_PRICE_CREATED,34178,2026-05-06T08:52:00.000,25,27,61,23673,23682,2342,1647,60,0,AT_PRICE,NEUTRAL,1.421979,0.682202,0.9,78.04,0,3,,0,0,
126,ZONE_CREATED,34936,2026-05-06T22:36:00.000,26,7,62,23638,23641,489,442,60,0,OFF_PRICE,LONG,1.106335,0.708696,0.75,50.78,3,1,,0,0,
127,FIRST_TOUCH,34965,2026-05-06T23:05:00.000,26,7,62,23638,23641,489,,0,1,first_touch,LONG,1.106335,0.708696,0.75,50.78,3,1,,0,0,
128,ZONE_INVALIDATED,34971,2026-05-06T23:11:00.000,26,7,62,23638,23641,489,,0,6,close_through_down,LONG,1.106335,0.708696,0.75,50.78,3,1,34965,3,4,
129,AT_PRICE_CREATED,35886,2026-05-07T14:36:00.000,26,39,63,23603,23607,1681,1526,60,0,AT_PRICE,NEUTRAL,1.101573,0.293676,1,50.44,0,1,,0,0,
130,ZONE_CREATED,36036,2026-05-07T17:06:00.000,26,44,64,23593,23595,1426,1414,59,0,OFF_PRICE,LONG,1.008487,0.331166,1,61.01,11,2,,0,0,
131,FIRST_TOUCH,36052,2026-05-07T17:22:00.000,26,44,64,23593,23595,1426,,0,1,first_touch,LONG,1.008487,0.331166,1,61.01,11,2,,0,0,
132,ZONE_INVALIDATED,36065,2026-05-07T17:35:00.000,26,44,64,23593,23595,1426,,0,12,close_through_down,LONG,1.008487,0.331166,1,61.01,11,2,36052,4,6,
133,AT_PRICE_CREATED,36076,2026-05-07T17:46:00.000,26,45,65,23583,23586,1035,467,58,0,AT_PRICE,NEUTRAL,2.216274,0.806703,1,85,0,3,,0,0,
134,ZONE_CREATED,36459,2026-05-08T01:17:00.000,27,12,66,23581,23584,430,236,52,0,OFF_PRICE,SHORT,1.822034,0.895833,1,82.08,3,1,,0,0,
135,FIRST_TOUCH,36461,2026-05-08T01:19:00.000,27,12,66,23581,23584,430,,0,1,first_touch,SHORT,1.822034,0.895833,1,82.08,3,1,,0,0,
136,ZONE_INVALIDATED,36477,2026-05-08T01:39:00.000,27,12,66,23581,23584,430,,0,16,close_through_up,SHORT,1.822034,0.895833,1,82.08,3,1,36461,1,4,
137,AT_PRICE_CREATED,36569,2026-05-08T03:12:00.000,27,16,67,23610,23614,1323,844,60,0,AT_PRICE,NEUTRAL,1.567536,0.644109,1,81.67,0,2,,0,0,
138,AT_PRICE_CREATED,36949,2026-05-08T09:32:00.000,27,29,68,23651,23660,2413,1991,60,0,AT_PRICE,NEUTRAL,1.211954,0.693391,1,58.17,0,1,,0,0,
139,AT_PRICE_CREATED,36959,2026-05-08T09:42:00.000,27,29,69,23674,23680,2472,1991,60,0,AT_PRICE,NEUTRAL,1.241587,0.686857,1,63.58,0,2,,0,0,
140,AT_PRICE_CREATED,37633,2026-05-10T22:04:00.000,28,6,70,23657,23660,1034,501,59,0,AT_PRICE,NEUTRAL,2.063872,0.818686,1,78.33,0,1,,0,0,
141,ZONE_CREATED,38463,2026-05-11T12:04:00.000,28,34,71,23682,23684,4580,4408,60,0,OFF_PRICE,LONG,1.03902,0.697214,1,49.81,3,1,,0,0,
142,FIRST_TOUCH,38464,2026-05-11T12:05:00.000,28,34,71,23682,23684,4580,,0,1,first_touch,LONG,1.03902,0.697214,1,49.81,3,1,,0,0,
143,ZONE_INVALIDATED,38505,2026-05-11T12:46:00.000,28,34,71,23682,23684,4580,,0,15,close_through_down,LONG,1.03902,0.697214,1,49.81,3,1,38464,9,5,
144,AT_PRICE_CREATED,38965,2026-05-11T21:56:00.000,29,5,72,23659,23660,483,338,60,0,AT_PRICE,NEUTRAL,1.428994,0.453096,1,73.36,0,1,,0,0,
145,ZONE_CREATED,39005,2026-05-11T22:36:00.000,29,7,73,23645,23647,553,489,60,0,OFF_PRICE,LONG,1.130879,0.631279,1,57.08,1,2,,0,0,
146,FIRST_TOUCH,39006,2026-05-11T22:37:00.000,29,7,73,23645,23647,553,,0,1,first_touch,LONG,1.130879,0.631279,1,57.08,1,2,,0,0,
147,ZONE_INVALIDATED,39008,2026-05-11T22:39:00.000,29,7,73,23645,23647,553,,0,3,close_through_down,LONG,1.130879,0.631279,1,57.08,1,2,39006,1,4,
148,AT_PRICE_CREATED,39255,2026-05-12T02:59:00.000,29,15,74,23643,23649,1531,353,59,0,AT_PRICE,NEUTRAL,4.33711,0.591577,1,78.33,0,1,,0,0,
149,AT_PRICE_CREATED,39415,2026-05-12T05:39:00.000,29,21,75,23602,23604,1126,1084,60,0,AT_PRICE,NEUTRAL,1.038745,0.571864,1,46.05,0,1,,0,0,
150,AT_PRICE_CREATED,39675,2026-05-12T10:00:00.000,29,29,76,23616,23618,2938,2472,60,0,AT_PRICE,NEUTRAL,1.188511,0.603781,1,56.53,0,1,,0,0,
151,AT_PRICE_CREATED,39685,2026-05-12T10:10:00.000,29,30,77,23610,23612,2270,2121,60,0,AT_PRICE,NEUTRAL,1.07025,0.516849,1,51.58,0,2,,0,0,
152,ZONE_CREATED,39735,2026-05-12T11:00:00.000,29,31,78,23578,23580,2328,1985,60,0,OFF_PRICE,LONG,1.172796,0.659117,1,64.6,2,3,,0,0,
153,FIRST_TOUCH,39737,2026-05-12T11:02:00.000,29,31,78,23578,23580,2328,,0,1,first_touch,LONG,1.172796,0.659117,1,64.6,2,3,,0,0,
154,ZONE_INVALIDATED,39810,2026-05-12T12:15:00.000,29,31,78,23578,23580,2328,,0,15,close_through_down,LONG,1.172796,0.659117,1,64.6,2,3,39737,12,3,TARGET
155,AT_PRICE_CREATED,39895,2026-05-12T13:40:00.000,29,37,79,23589,23590,978,970,60,0,AT_PRICE,NEUTRAL,1.008247,0.713869,1,47.24,0,2,,0,0,
156,FIRST_TOUCH,40739,2026-05-13T05:49:00.000,30,1,56,23521,23524,1111,,0,1,first_touch,LONG,1.230343,0.407856,1,74.46,17,1,,0,0,
157,ZONE_INVALIDATED,40762,2026-05-13T06:12:00.000,30,1,56,23521,23524,1111,,0,16,close_through_down,LONG,1.230343,0.407856,1,74.46,17,1,40739,5,4,
158,AT_PRICE_CREATED,41202,2026-05-13T13:32:00.000,30,37,80,23551,23554,2274,978,60,0,AT_PRICE,NEUTRAL,2.325153,0.696051,1,78.33,0,1,,0,0,
159,AT_PRICE_CREATED,42366,2026-05-14T10:53:00.000,31,31,81,23496,23502,4044,2328,60,0,AT_PRICE,NEUTRAL,1.737113,0.474481,0.857143,76.19,0,1,,0,0,
160,ZONE_INVALIDATED,42432,2026-05-14T11:59:00.000,31,14,53,23483,23484,484,,0,3,close_through_down,LONG,1.21608,0.64106,1,62.21,3,1,32431,14,1,TARGET
161,ZONE_CREATED,42436,2026-05-14T12:03:00.000,31,34,82,23488,23491,6886,4580,60,0,OFF_PRICE,SHORT,1.503493,0.3174,1,96.67,12,2,,0,0,
162,AT_PRICE_CREATED,43191,2026-05-15T02:09:00.000,32,14,83,23404,23406,1197,484,57,0,AT_PRICE,NEUTRAL,2.47314,0.798,1,78.33,0,1,,0,0,
163,ZONE_CREATED,43241,2026-05-15T02:59:00.000,32,15,84,23389,23390,500,460,59,0,OFF_PRICE,SHORT,1.086957,0.316256,1,60.25,6,2,,0,0,
164,FIRST_TOUCH,43244,2026-05-15T03:02:00.000,32,15,84,23389,23390,500,,0,1,first_touch,SHORT,1.086957,0.316256,1,60.25,6,2,,0,0,
165,ZONE_INVALIDATED,43244,2026-05-15T03:02:00.000,32,15,84,23389,23390,500,,0,1,close_through_up,SHORT,1.086957,0.316256,1,60.25,6,2,43244,5,5,
166,ZONE_CREATED,43321,2026-05-15T04:19:00.000,32,18,85,23403,23405,2986,1543,60,0,OFF_PRICE,SHORT,1.935191,0.72936,1,86.25,1,3,,0,0,
167,FIRST_TOUCH,43322,2026-05-15T04:20:00.000,32,18,85,23403,23405,2986,,0,1,first_touch,SHORT,1.935191,0.72936,1,86.25,1,3,,0,0,
168,ZONE_INVALIDATED,43323,2026-05-15T04:21:00.000,32,18,85,23403,23405,2986,,0,2,close_through_up,SHORT,1.935191,0.72936,1,86.25,1,3,43322,2,4,
169,ZONE_CREATED,43731,2026-05-15T11:09:00.000,32,32,86,23360,23364,2643,1977,60,0,OFF_PRICE,LONG,1.336874,0.581646,0.8,67.66,3,1,,0,0,
170,FIRST_TOUCH,43734,2026-05-15T11:12:00.000,32,32,86,23360,23364,2643,,0,1,first_touch,LONG,1.336874,0.581646,0.8,67.66,3,1,,0,0,
171,ZONE_INVALIDATED,43807,2026-05-15T12:25:00.000,32,32,86,23360,23364,2643,,0,11,close_through_down,LONG,1.336874,0.581646,0.8,67.66,3,1,43734,12,2,TARGET
172,AT_PRICE_CREATED,44262,2026-05-17T21:07:00.000,33,4,87,23349,23352,649,583,59,0,AT_PRICE,NEUTRAL,1.113208,0.671843,1,51.26,0,1,,0,0,
173,ZONE_CREATED,44272,2026-05-17T21:17:00.000,33,4,88,23351,23354,798,583,59,0,OFF_PRICE,SHORT,1.368782,0.714414,0.75,74.98,5,2,,0,0,
174,FIRST_TOUCH,44367,2026-05-17T22:52:00.000,33,4,88,23351,23354,798,,0,1,first_touch,SHORT,1.368782,0.714414,0.75,74.98,5,2,,0,0,
175,ZONE_CREATED,44392,2026-05-17T23:17:00.000,33,8,89,23342,23345,603,176,58,0,OFF_PRICE,LONG,3.426136,0.744444,0.75,85,3,3,,0,0,
176,FIRST_TOUCH,44425,2026-05-17T23:51:00.000,33,8,89,23342,23345,603,,0,1,first_touch,LONG,3.426136,0.744444,0.75,85,3,3,,0,0,
177,ZONE_INVALIDATED,44459,2026-05-18T00:28:00.000,33,4,88,23351,23354,798,,0,20,close_through_up,SHORT,1.368782,0.714414,0.75,74.98,5,2,44367,10,2,TIMEOUT
178,ZONE_CREATED,44592,2026-05-18T02:43:00.000,33,15,90,23355,23358,528,500,60,0,OFF_PRICE,SHORT,1.056,0.862745,0.75,48.09,1,2,,0,0,
179,FIRST_TOUCH,44593,2026-05-18T02:44:00.000,33,15,90,23355,23358,528,,0,1,first_touch,SHORT,1.056,0.862745,0.75,48.09,1,2,,0,0,
180,ZONE_INVALIDATED,44606,2026-05-18T02:57:00.000,33,15,90,23355,23358,528,,0,14,close_through_up,SHORT,1.056,0.862745,0.75,48.09,1,2,44593,1,4,
181,ZONE_CREATED,45112,2026-05-18T11:23:00.000,33,32,91,23405,23408,2184,1818,60,0,OFF_PRICE,SHORT,1.20132,0.673035,1,63.68,5,1,,0,0,
182,FIRST_TOUCH,45115,2026-05-18T11:26:00.000,33,32,91,23405,23408,2184,,0,1,first_touch,SHORT,1.20132,0.673035,1,63.68,5,1,,0,0,
183,AT_PRICE_CREATED,45122,2026-05-18T11:33:00.000,33,33,92,23404,23407,1822,1435,60,0,AT_PRICE,NEUTRAL,1.269686,0.591366,0.75,61.79,0,2,,0,0,
184,ZONE_INVALIDATED,45187,2026-05-18T12:38:00.000,33,32,91,23405,23408,2184,,0,25,close_through_up,SHORT,1.20132,0.673035,1,63.68,5,1,45115,14,5,TARGET
185,AT_PRICE_CREATED,45382,2026-05-18T15:53:00.000,33,41,93,23386,23387,1550,1189,60,0,AT_PRICE,NEUTRAL,1.303616,0.833333,1,64.59,0,1,,0,0,
186,AT_PRICE_CREATED,45737,2026-05-18T23:03:00.000,34,8,94,23402,23405,265,198,58,0,AT_PRICE,NEUTRAL,1.338384,0.472371,0.75,63.27,0,1,,0,0,
187,ZONE_CREATED,45757,2026-05-18T23:23:00.000,34,8,95,23399,23401,198,198,58,0,OFF_PRICE,LONG,1,0.605505,0.666667,47.92,5,2,,0,0,
188,FIRST_TOUCH,45771,2026-05-18T23:38:00.000,34,8,95,23399,23401,198,,0,1,first_touch,LONG,1,0.605505,0.666667,47.92,5,2,,0,0,
189,ZONE_INVALIDATED,45783,2026-05-18T23:50:00.000,34,8,95,23399,23401,198,,0,5,close_through_down,LONG,1,0.605505,0.666667,47.92,5,2,45771,3,5,
190,ZONE_INVALIDATED,46248,2026-05-19T07:44:00.000,34,8,89,23342,23345,603,,0,28,close_through_down,LONG,3.426136,0.744444,0.75,85,3,3,44425,11,2,TIMEOUT
191,ZONE_CREATED,46407,2026-05-19T10:23:00.000,34,30,96,23328,23332,2351,2107,60,0,OFF_PRICE,SHORT,1.115804,0.690658,1,52.69,1,1,,0,0,
192,FIRST_TOUCH,46408,2026-05-19T10:24:00.000,34,30,96,23328,23332,2351,,0,1,first_touch,SHORT,1.115804,0.690658,1,52.69,1,1,,0,0,
193,ZONE_INVALIDATED,46432,2026-05-19T10:48:00.000,34,30,96,23328,23332,2351,,0,16,close_through_up,SHORT,1.115804,0.690658,1,52.69,1,1,46408,11,6,
194,AT_PRICE_CREATED,46467,2026-05-19T11:23:00.000,34,32,97,23317,23323,2796,2184,60,0,AT_PRICE,NEUTRAL,1.28022,0.743222,0.857143,64.14,0,2,,0,0,
195,AT_PRICE_CREATED,46497,2026-05-19T11:53:00.000,34,33,98,23306,23312,2406,1435,60,0,AT_PRICE,NEUTRAL,1.676655,0.820041,0.857143,82.86,0,3,,0,0,
196,ZONE_CREATED,47109,2026-05-19T23:23:00.000,35,8,99,23311,23312,265,265,58,0,OFF_PRICE,SHORT,1,0.699208,1,44.58,1,1,,0,0,
197,FIRST_TOUCH,47110,2026-05-19T23:24:00.000,35,8,99,23311,23312,265,,0,1,first_touch,SHORT,1,0.699208,1,44.58,1,1,,0,0,
198,ZONE_INVALIDATED,47110,2026-05-19T23:24:00.000,35,8,99,23311,23312,265,,0,1,close_through_up,SHORT,1,0.699208,1,44.58,1,1,47110,0,5,
199,ZONE_CREATED,47459,2026-05-20T05:21:00.000,35,20,100,23284,23290,2128,1362,60,0,OFF_PRICE,SHORT,1.562408,0.834837,0.857143,78.69,2,1,,0,0,
200,FIRST_TOUCH,47460,2026-05-20T05:22:00.000,35,20,100,23284,23290,2128,,0,1,first_touch,SHORT,1.562408,0.834837,0.857143,78.69,2,1,,0,0,
201,ZONE_INVALIDATED,47470,2026-05-20T05:32:00.000,35,20,100,23284,23290,2128,,0,11,close_through_up,SHORT,1.562408,0.834837,0.857143,78.69,2,1,47460,4,10,STOP
202,AT_PRICE_CREATED,47819,2026-05-20T11:21:00.000,35,32,101,23324,23344,7211,2643,60,0,AT_PRICE,NEUTRAL,2.728339,0.506675,0.809524,75.48,0,1,,0,0,
203,AT_PRICE_CREATED,47849,2026-05-20T11:51:00.000,35,33,102,23346,23349,2638,1822,60,0,AT_PRICE,NEUTRAL,1.447859,0.57211,1,78.02,0,2,,0,0,
204,ZONE_CREATED,47989,2026-05-20T14:11:00.000,35,38,103,23358,23362,1496,1385,60,0,OFF_PRICE,SHORT,1.080144,0.591538,0.8,58.86,5,3,,0,0,
205,FIRST_TOUCH,47992,2026-05-20T14:14:00.000,35,38,103,23358,23362,1496,,0,1,first_touch,SHORT,1.080144,0.591538,0.8,58.86,5,3,,0,0,
206,ZONE_INVALIDATED,48055,2026-05-20T15:17:00.000,35,38,103,23358,23362,1496,,0,33,close_through_up,SHORT,1.080144,0.591538,0.8,58.86,5,3,47992,9,8,STOP
207,AT_PRICE_CREATED,48617,2026-05-21T01:59:00.000,36,13,104,23353,23354,234,210,54,0,AT_PRICE,NEUTRAL,1.114286,0.857143,1,51.33,0,1,,0,0,
208,AT_PRICE_CREATED,48707,2026-05-21T03:30:00.000,36,16,105,23356,23360,1436,884,60,0,AT_PRICE,NEUTRAL,1.624434,0.706345,1,81.67,0,2,,0,0,
209,AT_PRICE_CREATED,48777,2026-05-21T04:40:00.000,36,19,106,23304,23312,2437,1340,60,0,AT_PRICE,NEUTRAL,1.818657,0.94788,1,78.33,0,1,,0,0,
210,AT_PRICE_CREATED,48907,2026-05-21T06:50:00.000,36,23,107,23363,23365,1456,745,60,0,AT_PRICE,NEUTRAL,1.954362,0.772004,1,81.67,0,2,,0,0,
211,AT_PRICE_CREATED,48947,2026-05-21T07:30:00.000,36,24,108,23332,23337,1796,1135,60,0,AT_PRICE,NEUTRAL,1.582379,0.496956,1,85,0,3,,0,0,
212,AT_PRICE_CREATED,49077,2026-05-21T09:40:00.000,36,29,109,23310,23315,2514,2472,60,0,AT_PRICE,NEUTRAL,1.01699,0.58752,1,47.86,0,2,,0,0,
213,AT_PRICE_CREATED,49517,2026-05-21T17:00:00.000,36,43,110,23349,23353,1870,782,60,0,AT_PRICE,NEUTRAL,2.391304,0.626046,1,78.33,0,1,,0,0,
214,AT_PRICE_CREATED,49854,2026-05-22T00:16:00.000,37,10,111,23326,23327,225,164,57,0,AT_PRICE,NEUTRAL,1.371951,0.892857,1,69.37,0,1,,0,0,
215,AT_PRICE_CREATED,50384,2026-05-22T09:20:00.000,37,28,112,23311,23318,4257,2321,60,0,AT_PRICE,NEUTRAL,1.834123,0.620463,0.875,76.46,0,1,,0,0,
216,ZONE_CREATED,50474,2026-05-22T10:50:00.000,37,31,113,23315,23317,2786,2328,60,0,OFF_PRICE,SHORT,1.196735,0.495641,1,67.94,6,2,,0,0,
217,FIRST_TOUCH,50476,2026-05-22T10:52:00.000,37,31,113,23315,23317,2786,,0,1,first_touch,SHORT,1.196735,0.495641,1,67.94,6,2,,0,0,
218,ZONE_INVALIDATED,50479,2026-05-22T10:55:00.000,37,31,113,23315,23317,2786,,0,4,close_through_up,SHORT,1.196735,0.495641,1,67.94,6,2,50476,6,4,
219,ZONE_CREATED,50494,2026-05-22T11:10:00.000,37,32,114,23290,23298,2894,2796,60,0,OFF_PRICE,LONG,1.03505,0.480811,0.777778,50.37,1,3,,0,0,
220,FIRST_TOUCH,50495,2026-05-22T11:11:00.000,37,32,114,23290,23298,2894,,0,1,first_touch,LONG,1.03505,0.480811,0.777778,50.37,1,3,,0,0,
221,ZONE_INVALIDATED,50498,2026-05-22T11:14:00.000,37,32,114,23290,23298,2894,,0,4,close_through_down,LONG,1.03505,0.480811,0.777778,50.37,1,3,50495,4,12,STOP
222,ZONE_CREATED,51020,2026-05-24T21:00:00.000,38,3,115,23394,23395,364,229,53,0,OFF_PRICE,SHORT,1.58952,0.728,1,82.08,3,1,,0,0,
223,FIRST_TOUCH,51069,2026-05-24T21:49:00.000,38,3,115,23394,23395,364,,0,1,first_touch,SHORT,1.58952,0.728,1,82.08,3,1,,0,0,
224,ZONE_INVALIDATED,51069,2026-05-24T21:49:00.000,38,3,115,23394,23395,364,,0,1,close_through_up,SHORT,1.58952,0.728,1,82.08,3,1,51069,3,2,
225,ZONE_CREATED,51080,2026-05-24T22:00:00.000,38,5,116,23401,23404,543,459,59,0,OFF_PRICE,SHORT,1.183007,0.298516,0.75,70.73,20,2,,0,0,
226,AT_PRICE_CREATED,51090,2026-05-24T22:10:00.000,38,6,117,23379,23382,592,501,60,0,AT_PRICE,NEUTRAL,1.181637,0.773856,1,62.71,0,3,,0,0,
227,FIRST_TOUCH,51110,2026-05-24T22:30:00.000,38,5,116,23401,23404,543,,0,1,first_touch,SHORT,1.183007,0.298516,0.75,70.73,20,2,,0,0,
228,ZONE_INVALIDATED,51684,2026-05-25T08:41:00.000,38,5,116,23401,23404,543,,0,6,close_through_up,SHORT,1.183007,0.298516,0.75,70.73,20,2,51110,15,0,TARGET
229,AT_PRICE_CREATED,51980,2026-05-25T13:39:00.000,38,37,118,23384,23385,1504,1288,60,0,AT_PRICE,NEUTRAL,1.167702,0.810782,1,55.07,0,1,,0,0,
230,AT_PRICE_CREATED,53498,2026-05-26T21:59:00.000,40,5,119,23381,23383,717,483,59,0,AT_PRICE,NEUTRAL,1.484472,0.792265,1,77.25,0,1,,0,0,
231,AT_PRICE_CREATED,54916,2026-05-27T23:05:00.000,41,8,120,23321,23323,557,265,57,0,AT_PRICE,NEUTRAL,2.101887,0.553128,0.666667,73.33,0,1,,0,0,
232,ZONE_CREATED,54986,2026-05-28T00:16:00.000,41,10,121,23317,23320,446,184,56,0,OFF_PRICE,SHORT,2.423913,0.456499,0.75,86.67,7,2,,0,0,
233,ZONE_CREATED,55006,2026-05-28T00:36:00.000,41,11,122,23301,23304,1035,986,54,0,OFF_PRICE,SHORT,1.049696,0.468962,0.75,57.23,6,3,,0,0,
234,ZONE_CREATED,55036,2026-05-28T01:06:00.000,41,12,123,23276,23278,1111,244,56,0,OFF_PRICE,SHORT,4.553279,0.802166,1,84.17,2,2,,0,0,
235,FIRST_TOUCH,55037,2026-05-28T01:07:00.000,41,12,123,23276,23278,1111,,0,1,first_touch,SHORT,4.553279,0.802166,1,84.17,2,2,,0,0,
236,ZONE_INVALIDATED,55039,2026-05-28T01:09:00.000,41,12,123,23276,23278,1111,,0,3,close_through_up,SHORT,4.553279,0.802166,1,84.17,2,2,55037,2,5,
237,ZONE_CREATED,55046,2026-05-28T01:16:00.000,41,12,124,23281,23283,276,244,56,0,OFF_PRICE,LONG,1.131148,0.490231,0.666667,55.43,1,5,,0,0,
238,FIRST_TOUCH,55049,2026-05-28T01:19:00.000,41,12,124,23281,23283,276,,0,1,first_touch,LONG,1.131148,0.490231,0.666667,55.43,1,5,,0,0,
239,ZONE_INVALIDATED,55049,2026-05-28T01:19:00.000,41,12,124,23281,23283,276,,0,1,close_through_down,LONG,1.131148,0.490231,0.666667,55.43,1,5,55049,1,3,
240,AT_PRICE_CREATED,55056,2026-05-28T01:26:00.000,41,12,125,23279,23280,376,244,56,0,AT_PRICE,NEUTRAL,1.540984,0.476553,1,85,0,5,,0,0,
241,FIRST_TOUCH,55133,2026-05-28T02:43:00.000,41,11,122,23301,23304,1035,,0,1,first_touch,SHORT,1.049696,0.468962,0.75,57.23,6,3,,0,0,
242,ZONE_INVALIDATED,55142,2026-05-28T02:52:00.000,41,11,122,23301,23304,1035,,0,10,close_through_up,SHORT,1.049696,0.468962,0.75,57.23,6,3,55133,2,5,
243,FIRST_TOUCH,55174,2026-05-28T03:24:00.000,41,10,121,23317,23320,446,,0,1,first_touch,SHORT,2.423913,0.456499,0.75,86.67,7,2,,0,0,
244,ZONE_INVALIDATED,55206,2026-05-28T03:56:00.000,41,10,121,23317,23320,446,,0,23,close_through_up,SHORT,2.423913,0.456499,0.75,86.67,7,2,55174,4,4,
245,ZONE_CREATED,55686,2026-05-28T11:56:00.000,41,33,126,23398,23403,3039,2406,60,0,OFF_PRICE,SHORT,1.263092,0.452501,1,68,5,1,,0,0,
246,FIRST_TOUCH,55691,2026-05-28T12:01:00.000,41,33,126,23398,23403,3039,,0,1,first_touch,SHORT,1.263092,0.452501,1,68,5,1,,0,0,
247,ZONE_INVALIDATED,55692,2026-05-28T12:02:00.000,41,33,126,23398,23403,3039,,0,2,close_through_up,SHORT,1.263092,0.452501,1,68,5,1,55691,2,7,
248,ZONE_CREATED,55896,2026-05-28T15:26:00.000,41,40,127,23408,23410,1161,823,56,0,OFF_PRICE,SHORT,1.410693,0.42873,1,80.83,7,1,,0,0,
249,FIRST_TOUCH,56141,2026-05-28T21:05:00.000,42,40,127,23408,23410,1161,,0,1,first_touch,SHORT,1.410693,0.42873,1,80.83,7,1,,0,0,
250,ZONE_INVALIDATED,56208,2026-05-28T22:13:00.000,42,40,127,23408,23410,1161,,0,19,close_through_up,SHORT,1.410693,0.42873,1,80.83,7,1,56141,8,3,TIMEOUT
251,AT_PRICE_CREATED,57379,2026-05-29T17:51:00.000,42,45,128,23422,23423,480,464,55,0,AT_PRICE,NEUTRAL,1.034483,0.812183,1,45.75,0,1,,0,0,
252,ZONE_CREATED,57688,2026-06-01T00:03:00.000,43,10,129,23390,23394,268,225,57,0,OFF_PRICE,LONG,1.191111,0.792899,0.6,53.21,2,1,,0,0,
253,FIRST_TOUCH,57692,2026-06-01T00:07:00.000,43,10,129,23390,23394,268,,0,1,first_touch,LONG,1.191111,0.792899,0.6,53.21,2,1,,0,0,
254,ZONE_INVALIDATED,57702,2026-06-01T00:19:00.000,43,10,129,23390,23394,268,,0,10,close_through_down,LONG,1.191111,0.792899,0.6,53.21,2,1,57692,3,7,
255,ZONE_CREATED,57898,2026-06-01T03:55:00.000,43,17,130,23414,23415,869,696,60,0,OFF_PRICE,LONG,1.248563,0.364819,1,63.23,2,1,,0,0,
256,FIRST_TOUCH,57909,2026-06-01T04:06:00.000,43,17,130,23414,23415,869,,0,1,first_touch,LONG,1.248563,0.364819,1,63.23,2,1,,0,0,
257,ZONE_INVALIDATED,57910,2026-06-01T04:07:00.000,43,17,130,23414,23415,869,,0,2,close_through_down,LONG,1.248563,0.364819,1,63.23,2,1,57909,5,4,
258,ZONE_CREATED,58318,2026-06-01T10:56:00.000,43,31,131,23324,23328,3133,2786,60,0,OFF_PRICE,SHORT,1.124551,0.491837,1,55.8,3,1,,0,0,
259,FIRST_TOUCH,58319,2026-06-01T10:57:00.000,43,31,131,23324,23328,3133,,0,1,first_touch,SHORT,1.124551,0.491837,1,55.8,3,1,,0,0,
260,AT_PRICE_CREATED,58328,2026-06-01T11:06:00.000,43,32,132,23314,23317,3416,2894,60,0,AT_PRICE,NEUTRAL,1.180373,0.631774,1,59.29,0,2,,0,0,
261,ZONE_INVALIDATED,58332,2026-06-01T11:10:00.000,43,31,131,23324,23328,3133,,0,4,close_through_up,SHORT,1.124551,0.491837,1,55.8,3,1,58319,12,2,TARGET
262,ZONE_CREATED,58388,2026-06-01T12:06:00.000,43,34,133,23332,23334,4900,4580,60,0,OFF_PRICE,LONG,1.069869,0.592503,1,57.39,2,3,,0,0,
263,FIRST_TOUCH,58389,2026-06-01T12:07:00.000,43,34,133,23332,23334,4900,,0,1,first_touch,LONG,1.069869,0.592503,1,57.39,2,3,,0,0,
264,ZONE_INVALIDATED,58397,2026-06-01T12:15:00.000,43,34,133,23332,23334,4900,,0,9,close_through_down,LONG,1.069869,0.592503,1,57.39,2,3,58389,5,5,
265,AT_PRICE_CREATED,58418,2026-06-01T12:36:00.000,43,35,134,23348,23354,6129,1249,60,0,AT_PRICE,NEUTRAL,4.907126,0.712095,1,85,0,4,,0,0,
266,AT_PRICE_CREATED,58498,2026-06-01T13:56:00.000,43,37,135,23354,23359,1802,1504,60,0,AT_PRICE,NEUTRAL,1.198138,0.724859,1,63.87,0,4,,0,0,
267,AT_PRICE_CREATED,58508,2026-06-01T14:06:00.000,43,38,136,23355,23358,1559,1232,57,0,AT_PRICE,NEUTRAL,1.265422,0.680489,0.75,64.83,0,5,,0,0,
268,AT_PRICE_CREATED,58538,2026-06-01T14:36:00.000,43,39,137,23360,23363,1707,1274,56,0,AT_PRICE,NEUTRAL,1.339874,0.511998,1,73.79,0,5,,0,0,
269,ZONE_CREATED,58548,2026-06-01T14:46:00.000,43,39,138,23373,23374,1884,1274,56,0,OFF_PRICE,SHORT,1.478807,0.374851,1,86.02,2,5,,0,0,
270,FIRST_TOUCH,58549,2026-06-01T14:47:00.000,43,39,138,23373,23374,1884,,0,1,first_touch,SHORT,1.478807,0.374851,1,86.02,2,5,,0,0,
271,ZONE_CREATED,58628,2026-06-01T16:06:00.000,43,42,139,23361,23363,3282,2211,57,0,OFF_PRICE,LONG,1.484396,0.794096,1,87.66,3,5,,0,0,
272,FIRST_TOUCH,58630,2026-06-01T16:08:00.000,43,42,139,23361,23363,3282,,0,1,first_touch,LONG,1.484396,0.794096,1,87.66,3,5,,0,0,
273,ZONE_INVALIDATED,58675,2026-06-01T16:53:00.000,43,42,139,23361,23363,3282,,0,23,close_through_down,LONG,1.484396,0.794096,1,87.66,3,5,58630,4,5,
274,ZONE_INVALIDATED,59091,2026-06-02T01:57:00.000,44,39,138,23373,23374,1884,,0,7,close_through_up,SHORT,1.478807,0.374851,1,86.02,2,5,58549,9,0,TIMEOUT
275,AT_PRICE_CREATED,59300,2026-06-02T05:31:00.000,44,21,140,23390,23392,1218,1084,60,0,AT_PRICE,NEUTRAL,1.123616,0.844075,1,51.99,0,1,,0,0,
276,ZONE_CREATED,59900,2026-06-02T15:31:00.000,44,41,141,23335,23339,1422,1158,57,0,OFF_PRICE,LONG,1.227979,0.374704,0.8,61.29,4,1,,0,0,
277,ZONE_CREATED,59910,2026-06-02T15:41:00.000,44,41,142,23345,23347,1211,1158,57,0,OFF_PRICE,LONG,1.045769,0.672031,1,51.12,1,2,,0,0,
278,FIRST_TOUCH,59911,2026-06-02T15:42:00.000,44,41,142,23345,23347,1211,,0,1,first_touch,LONG,1.045769,0.672031,1,51.12,1,2,,0,0,
279,ZONE_INVALIDATED,60112,2026-06-02T20:18:00.000,45,41,142,23345,23347,1211,,0,15,close_through_down,LONG,1.045769,0.672031,1,51.12,1,2,59911,13,0,TARGET
280,FIRST_TOUCH,60132,2026-06-02T20:38:00.000,45,41,141,23335,23339,1422,,0,1,first_touch,LONG,1.227979,0.374704,0.8,61.29,4,1,,0,0,
281,ZONE_INVALIDATED,60469,2026-06-03T03:00:00.000,45,41,141,23335,23339,1422,,0,27,close_through_down,LONG,1.227979,0.374704,0.8,61.29,4,1,60132,11,3,TIMEOUT
282,ZONE_CREATED,61007,2026-06-03T11:58:00.000,45,33,143,23309,23312,4858,2638,60,0,OFF_PRICE,LONG,1.841547,0.40066,1,84.58,5,1,,0,0,
283,FIRST_TOUCH,61014,2026-06-03T12:05:00.000,45,33,143,23309,23312,4858,,0,1,first_touch,LONG,1.841547,0.40066,1,84.58,5,1,,0,0,
284,ZONE_INVALIDATED,61015,2026-06-03T12:06:00.000,45,33,143,23309,23312,4858,,0,2,close_through_down,LONG,1.841547,0.40066,1,84.58,5,1,61014,2,6,
285,AT_PRICE_CREATED,61427,2026-06-03T20:00:00.000,46,1,144,23302,23306,640,306,48,0,AT_PRICE,NEUTRAL,2.091503,0.36036,1,78.33,0,1,,0,0,
286,AT_PRICE_CREATED,61447,2026-06-03T20:20:00.000,46,2,145,23301,23303,408,237,53,0,AT_PRICE,NEUTRAL,1.721519,0.544726,0.666667,76.67,0,2,,0,0,
287,ZONE_CREATED,61647,2026-06-03T23:43:00.000,46,9,146,23310,23311,171,166,59,0,OFF_PRICE,LONG,1.03012,0.76,1,50.03,1,2,,0,0,
288,FIRST_TOUCH,61663,2026-06-04T00:01:00.000,46,9,146,23310,23311,171,,0,1,first_touch,LONG,1.03012,0.76,1,50.03,1,2,,0,0,
289,ZONE_INVALIDATED,61666,2026-06-04T00:04:00.000,46,9,146,23310,23311,171,,0,3,close_through_down,LONG,1.03012,0.76,1,50.03,1,2,61663,2,2,
290,ZONE_CREATED,61757,2026-06-04T01:46:00.000,46,13,147,23317,23318,242,149,52,0,OFF_PRICE,SHORT,1.624161,0.542601,1,85.42,3,2,,0,0,
291,FIRST_TOUCH,61825,2026-06-04T03:02:00.000,46,13,147,23317,23318,242,,0,1,first_touch,SHORT,1.624161,0.542601,1,85.42,3,2,,0,0,
292,ZONE_INVALIDATED,61839,2026-06-04T03:16:00.000,46,13,147,23317,23318,242,,0,11,close_through_up,SHORT,1.624161,0.542601,1,85.42,3,2,61825,4,3,
293,ZONE_CREATED,62147,2026-06-04T08:24:00.000,46,26,148,23371,23374,1253,1060,60,0,OFF_PRICE,LONG,1.182075,0.646209,1,57.33,1,1,,0,0,
294,FIRST_TOUCH,62148,2026-06-04T08:25:00.000,46,26,148,23371,23374,1253,,0,1,first_touch,LONG,1.182075,0.646209,1,57.33,1,1,,0,0,
295,ZONE_INVALIDATED,62156,2026-06-04T08:33:00.000,46,26,148,23371,23374,1253,,0,7,close_through_down,LONG,1.182075,0.646209,1,57.33,1,1,62148,7,6,
296,AT_PRICE_CREATED,63524,2026-06-05T09:32:00.000,47,29,149,23326,23336,4624,2514,60,0,AT_PRICE,NEUTRAL,1.8393,0.576415,1,78.33,0,1,,0,0,
297,AT_PRICE_CREATED,63704,2026-06-05T12:32:00.000,47,35,150,23184,23186,1957,1275,60,0,AT_PRICE,NEUTRAL,1.534902,0.5111,1,78.33,0,1,,0,0,
298,AT_PRICE_CREATED,63714,2026-06-05T12:42:00.000,47,35,151,23163,23166,1434,1275,60,0,AT_PRICE,NEUTRAL,1.124706,0.420281,1,55.4,0,2,,0,0,
299,ZONE_CREATED,63914,2026-06-05T16:02:00.000,47,42,152,23138,23142,3550,2352,57,0,OFF_PRICE,SHORT,1.509354,0.705765,1,82.92,1,2,,0,0,
300,FIRST_TOUCH,63915,2026-06-05T16:03:00.000,47,42,152,23138,23142,3550,,0,1,first_touch,SHORT,1.509354,0.705765,1,82.92,1,2,,0,0,
301,ZONE_INVALIDATED,63963,2026-06-05T16:51:00.000,47,42,152,23138,23142,3550,,0,13,close_through_up,SHORT,1.509354,0.705765,1,82.92,1,2,63915,9,7,
302,ZONE_CREATED,64042,2026-06-07T19:10:00.000,48,0,153,23112,23114,873,770,45,0,OFF_PRICE,SHORT,1.133766,0.462884,1,58.53,2,2,,0,0,
303,FIRST_TOUCH,64043,2026-06-07T19:11:00.000,48,0,153,23112,23114,873,,0,1,first_touch,SHORT,1.133766,0.462884,1,58.53,2,2,,0,0,
304,ZONE_INVALIDATED,64045,2026-06-07T19:13:00.000,48,0,153,23112,23114,873,,0,3,close_through_up,SHORT,1.133766,0.462884,1,58.53,2,2,64043,2,5,
305,ZONE_CREATED,64102,2026-06-07T20:10:00.000,48,2,154,23120,23122,277,255,51,0,OFF_PRICE,LONG,1.086275,0.578288,0.666667,56.04,4,3,,0,0,
306,AT_PRICE_CREATED,64142,2026-06-07T20:51:00.000,48,3,155,23134,23135,268,263,55,0,AT_PRICE,NEUTRAL,1.019011,0.614679,1,51.33,0,3,,0,0,
307,ZONE_CREATED,64212,2026-06-07T22:01:00.000,48,6,156,23153,23154,606,592,59,0,OFF_PRICE,LONG,1.023649,0.357944,1,59.16,6,3,,0,0,
308,FIRST_TOUCH,64224,2026-06-07T22:13:00.000,48,6,156,23153,23154,606,,0,1,first_touch,LONG,1.023649,0.357944,1,59.16,6,3,,0,0,
309,ZONE_INVALIDATED,64226,2026-06-07T22:15:00.000,48,6,156,23153,23154,606,,0,3,close_through_down,LONG,1.023649,0.357944,1,59.16,6,3,64224,3,3,
310,FIRST_TOUCH,64242,2026-06-07T22:31:00.000,48,2,154,23120,23122,277,,0,1,first_touch,LONG,1.086275,0.578288,0.666667,56.04,4,3,,0,0,
311,ZONE_INVALIDATED,64242,2026-06-07T22:31:00.000,48,2,154,23120,23122,277,,0,1,close_through_down,LONG,1.086275,0.578288,0.666667,56.04,4,3,64242,9,5,
312,ZONE_CREATED,64732,2026-06-08T06:47:00.000,48,23,157,23108,23109,928,675,60,0,OFF_PRICE,SHORT,1.374815,0.39322,1,72.07,2,1,,0,0,
313,FIRST_TOUCH,64733,2026-06-08T06:48:00.000,48,23,157,23108,23109,928,,0,1,first_touch,SHORT,1.374815,0.39322,1,72.07,2,1,,0,0,
314,ZONE_INVALIDATED,64735,2026-06-08T06:50:00.000,48,23,157,23108,23109,928,,0,3,close_through_up,SHORT,1.374815,0.39322,1,72.07,2,1,64733,2,2,
315,AT_PRICE_CREATED,64762,2026-06-08T07:17:00.000,48,24,158,23123,23126,1031,1011,60,0,AT_PRICE,NEUTRAL,1.019782,0.910777,1,48.05,0,2,,0,0,
316,AT_PRICE_CREATED,64782,2026-06-08T07:37:00.000,48,25,159,23139,23145,1862,1198,60,0,AT_PRICE,NEUTRAL,1.554257,0.447166,1,85,0,3,,0,0,
317,AT_PRICE_CREATED,64822,2026-06-08T08:17:00.000,48,26,160,23153,23157,2078,1185,60,0,AT_PRICE,NEUTRAL,1.753586,0.489171,1,85,0,3,,0,0,
318,ZONE_CREATED,64952,2026-06-08T10:27:00.000,48,30,161,23197,23200,2688,2270,60,0,OFF_PRICE,SHORT,1.184141,0.439575,1,63.72,6,1,,0,0,
319,AT_PRICE_CREATED,65242,2026-06-08T15:17:00.000,48,40,162,23170,23171,874,834,56,0,AT_PRICE,NEUTRAL,1.047962,0.689274,1,46.69,0,1,,0,0,
320,ZONE_CREATED,65252,2026-06-08T15:27:00.000,48,40,163,23170,23171,1910,834,56,0,OFF_PRICE,SHORT,2.290168,0.744639,1,82.92,1,2,,0,0,
321,FIRST_TOUCH,65253,2026-06-08T15:28:00.000,48,40,163,23170,23171,1910,,0,1,first_touch,SHORT,2.290168,0.744639,1,82.92,1,2,,0,0,
322,ZONE_INVALIDATED,65255,2026-06-08T15:30:00.000,48,40,163,23170,23171,1910,,0,3,close_through_up,SHORT,2.290168,0.744639,1,82.92,1,2,65253,0,2,
323,ZONE_CREATED,65292,2026-06-08T16:07:00.000,48,42,164,23147,23151,5791,3282,57,0,OFF_PRICE,LONG,1.764473,0.780458,1,92.5,6,3,,0,0,
324,FIRST_TOUCH,65311,2026-06-08T16:26:00.000,48,42,164,23147,23151,5791,,0,1,first_touch,LONG,1.764473,0.780458,1,92.5,6,3,,0,0,
325,ZONE_INVALIDATED,65502,2026-06-08T20:59:00.000,49,42,164,23147,23151,5791,,0,30,close_through_down,LONG,1.764473,0.780458,1,92.5,6,3,65311,9,1,TIMEOUT
326,ZONE_CREATED,65791,2026-06-09T02:01:00.000,49,14,165,23181,23182,315,308,56,0,OFF_PRICE,SHORT,1.022727,0.661765,1,47.42,2,1,,0,0,
327,FIRST_TOUCH,65797,2026-06-09T02:07:00.000,49,14,165,23181,23182,315,,0,1,first_touch,SHORT,1.022727,0.661765,1,47.42,2,1,,0,0,
328,ZONE_INVALIDATED,65826,2026-06-09T02:37:00.000,49,14,165,23181,23182,315,,0,5,close_through_up,SHORT,1.022727,0.661765,1,47.42,2,1,65797,11,2,
329,FIRST_TOUCH,65868,2026-06-09T03:19:00.000,49,30,161,23197,23200,2688,,0,1,first_touch,SHORT,1.184141,0.439575,1,63.72,6,1,,0,0,
330,ZONE_INVALIDATED,66037,2026-06-09T06:08:00.000,49,30,161,23197,23200,2688,,0,6,close_through_up,SHORT,1.184141,0.439575,1,63.72,6,1,65868,12,0,TARGET
331,AT_PRICE_CREATED,66451,2026-06-09T13:02:00.000,49,36,166,23200,23202,1573,1535,60,0,AT_PRICE,NEUTRAL,1.024756,0.496841,0.666667,40.07,0,1,,0,0,
332,AT_PRICE_CREATED,66471,2026-06-09T13:22:00.000,49,36,167,23181,23184,1648,1535,60,0,AT_PRICE,NEUTRAL,1.073616,0.73736,1,51.82,0,2,,0,0,
333,ZONE_CREATED,66501,2026-06-09T13:52:00.000,49,37,168,23160,23166,2606,1802,60,0,OFF_PRICE,LONG,1.446171,0.795482,1,82.48,1,3,,0,0,
334,FIRST_TOUCH,66502,2026-06-09T13:53:00.000,49,37,168,23160,23166,2606,,0,1,first_touch,LONG,1.446171,0.795482,1,82.48,1,3,,0,0,
335,ZONE_CREATED,66531,2026-06-09T14:22:00.000,49,38,169,23175,23179,1852,1496,57,0,OFF_PRICE,LONG,1.237968,0.60881,1,81.66,16,4,,0,0,
336,FIRST_TOUCH,66648,2026-06-09T16:19:00.000,49,38,169,23175,23179,1852,,0,1,first_touch,LONG,1.237968,0.60881,1,81.66,16,4,,0,0,
337,ZONE_INVALIDATED,66667,2026-06-09T16:38:00.000,49,38,169,23175,23179,1852,,0,20,close_through_down,LONG,1.237968,0.60881,1,81.66,16,4,66648,2,5,
338,ZONE_INVALIDATED,66819,2026-06-09T20:31:00.000,50,37,168,23160,23166,2606,,0,49,close_through_down,LONG,1.446171,0.795482,1,82.48,1,3,66502,12,6,TARGET
339,AT_PRICE_CREATED,67038,2026-06-10T00:15:00.000,50,10,170,23184,23185,664,268,56,0,AT_PRICE,NEUTRAL,2.477612,0.785799,1,78.33,0,1,,0,0,
340,ZONE_CREATED,67118,2026-06-10T01:41:00.000,50,13,171,23185,23186,257,234,55,0,OFF_PRICE,SHORT,1.098291,0.715877,1,58.55,4,2,,0,0,
341,FIRST_TOUCH,67141,2026-06-10T02:05:00.000,50,13,171,23185,23186,257,,0,1,first_touch,SHORT,1.098291,0.715877,1,58.55,4,2,,0,0,
342,ZONE_INVALIDATED,67144,2026-06-10T02:08:00.000,50,13,171,23185,23186,257,,0,4,close_through_up,SHORT,1.098291,0.715877,1,58.55,4,2,67141,1,2,
343,AT_PRICE_CREATED,67398,2026-06-10T06:22:00.000,50,22,172,23192,23195,1031,975,58,0,AT_PRICE,NEUTRAL,1.057436,0.915631,1,47.35,0,1,,0,0,
344,AT_PRICE_CREATED,67528,2026-06-10T08:32:00.000,50,27,173,23173,23176,1865,1374,60,0,AT_PRICE,NEUTRAL,1.357351,0.528628,1,71.68,0,2,,0,0,
345,ZONE_CREATED,67788,2026-06-10T12:52:00.000,50,35,174,23182,23186,2079,1957,60,0,OFF_PRICE,SHORT,1.06234,0.272227,1,51.45,3,1,,0,0,
346,FIRST_TOUCH,67789,2026-06-10T12:53:00.000,50,35,174,23182,23186,2079,,0,1,first_touch,SHORT,1.06234,0.272227,1,51.45,3,1,,0,0,
347,ZONE_INVALIDATED,67790,2026-06-10T12:54:00.000,50,35,174,23182,23186,2079,,0,2,close_through_up,SHORT,1.06234,0.272227,1,51.45,3,1,67789,5,6,
348,AT_PRICE_CREATED,68078,2026-06-10T17:45:00.000,50,45,175,23161,23163,466,464,52,0,AT_PRICE,NEUTRAL,1.00431,0.44894,0.666667,38.64,0,1,,0,0,
349,AT_PRICE_CREATED,68152,2026-06-10T20:02:00.000,51,2,176,23143,23146,523,277,53,0,AT_PRICE,NEUTRAL,1.888087,0.746077,1,81.67,0,2,,0,0,
350,ZONE_CREATED,68182,2026-06-10T20:32:00.000,51,3,177,23157,23158,286,268,54,0,OFF_PRICE,SHORT,1.067164,0.490566,1,57.2,2,3,,0,0,
351,FIRST_TOUCH,68187,2026-06-10T20:37:00.000,51,3,177,23157,23158,286,,0,1,first_touch,SHORT,1.067164,0.490566,1,57.2,2,3,,0,0,
352,ZONE_INVALIDATED,68192,2026-06-10T20:42:00.000,51,3,177,23157,23158,286,,0,6,close_through_up,SHORT,1.067164,0.490566,1,57.2,2,3,68187,2,4,
353,ZONE_CREATED,69252,2026-06-11T14:32:00.000,51,39,178,23123,23130,1778,1707,57,0,OFF_PRICE,LONG,1.041593,0.20871,0.75,57.49,24,1,,0,0,
354,AT_PRICE_CREATED,69262,2026-06-11T14:42:00.000,51,39,179,23199,23213,5587,1707,57,0,AT_PRICE,NEUTRAL,3.272994,0.525143,0.933333,77.33,0,1,,0,0,
355,ZONE_CREATED,69292,2026-06-11T15:12:00.000,51,40,180,23180,23183,1201,1161,56,0,OFF_PRICE,LONG,1.034453,0.384936,1,51.58,2,2,,0,0,
356,AT_PRICE_CREATED,69312,2026-06-11T15:32:00.000,51,41,181,23195,23200,1982,1422,57,0,AT_PRICE,NEUTRAL,1.393812,0.874283,1,77.57,0,3,,0,0,
357,FIRST_TOUCH,69313,2026-06-11T15:33:00.000,51,40,180,23180,23183,1201,,0,1,first_touch,LONG,1.034453,0.384936,1,51.58,2,2,,0,0,
358,AT_PRICE_CREATED,69382,2026-06-11T16:42:00.000,51,43,182,23251,23254,799,706,57,0,AT_PRICE,NEUTRAL,1.131728,0.52635,0.75,48.8,0,1,,0,0,
359,AT_PRICE_CREATED,69392,2026-06-11T16:52:00.000,51,43,183,23244,23246,915,706,57,0,AT_PRICE,NEUTRAL,1.296034,0.575834,1,70.72,0,3,,0,0,
360,AT_PRICE_CREATED,69432,2026-06-11T17:32:00.000,51,45,184,23248,23250,484,466,52,0,AT_PRICE,NEUTRAL,1.038627,0.536585,1,52.7,0,3,,0,0,
361,AT_PRICE_CREATED,70129,2026-06-12T06:21:00.000,52,22,185,23248,23254,1698,1007,59,0,AT_PRICE,NEUTRAL,1.686197,0.642452,0.857143,76.19,0,1,,0,0,
362,ZONE_CREATED,70549,2026-06-12T13:21:00.000,52,36,186,23232,23234,2004,1617,60,0,OFF_PRICE,SHORT,1.239332,0.427839,1,62.59,2,1,,0,0,
363,FIRST_TOUCH,70555,2026-06-12T13:27:00.000,52,36,186,23232,23234,2004,,0,1,first_touch,SHORT,1.239332,0.427839,1,62.59,2,1,,0,0,
364,ZONE_INVALIDATED,70560,2026-06-12T13:32:00.000,52,36,186,23232,23234,2004,,0,5,close_through_up,SHORT,1.239332,0.427839,1,62.59,2,1,70555,3,3,
365,ZONE_CREATED,70975,2026-06-14T21:30:00.000,53,4,187,23306,23307,728,649,59,0,OFF_PRICE,SHORT,1.121726,0.631944,1,59.35,6,1,,0,0,
366,FIRST_TOUCH,71210,2026-06-15T01:35:00.000,53,4,187,23306,23307,728,,0,1,first_touch,SHORT,1.121726,0.631944,1,59.35,6,1,,0,0,
367,ZONE_INVALIDATED,71222,2026-06-15T01:47:00.000,53,4,187,23306,23307,728,,0,9,close_through_up,SHORT,1.121726,0.631944,1,59.35,6,1,71210,2,3,
368,AT_PRICE_CREATED,71255,2026-06-15T02:20:00.000,53,14,188,23324,23327,770,296,56,0,AT_PRICE,NEUTRAL,2.601351,0.578512,1,78.33,0,1,,0,0,
369,AT_PRICE_CREATED,71275,2026-06-15T02:40:00.000,53,15,189,23316,23318,497,473,58,0,AT_PRICE,NEUTRAL,1.05074,0.705966,1,50.22,0,2,,0,0,
370,AT_PRICE_CREATED,72055,2026-06-15T15:40:00.000,53,41,190,23276,23278,1604,1550,57,0,AT_PRICE,NEUTRAL,1.034839,0.899103,1,45.77,0,1,,0,0,
371,AT_PRICE_CREATED,72785,2026-06-16T05:33:00.000,54,21,191,23284,23287,1174,791,60,0,AT_PRICE,NEUTRAL,1.484197,0.797013,1,77.23,0,1,,0,0,
372,AT_PRICE_CREATED,73235,2026-06-16T13:03:00.000,54,36,192,23312,23317,1988,1648,60,0,AT_PRICE,NEUTRAL,1.206311,0.646294,0.833333,55.28,0,1,,0,0,
373,ZONE_CREATED,73660,2026-06-16T21:36:00.000,55,5,193,23313,23314,1140,543,60,0,OFF_PRICE,SHORT,2.099448,0.822511,1,80.83,2,1,,0,0,
374,FIRST_TOUCH,73690,2026-06-16T22:07:00.000,55,5,193,23313,23314,1140,,0,1,first_touch,SHORT,2.099448,0.822511,1,80.83,2,1,,0,0,
375,ZONE_INVALIDATED,74665,2026-06-17T15:01:00.000,55,40,180,23180,23183,1201,,0,2,close_through_down,LONG,1.034453,0.384936,1,51.58,2,2,69313,14,0,TARGET
376,ZONE_CREATED,74670,2026-06-17T15:06:00.000,55,40,194,23199,23211,3889,1201,56,0,OFF_PRICE,SHORT,3.238135,0.272912,0.923077,92.18,20,1,,0,0,
377,ZONE_CREATED,74680,2026-06-17T15:16:00.000,55,40,195,23169,23174,3548,1201,56,0,OFF_PRICE,LONG,2.954205,0.449854,1,82.92,1,2,,0,0,
378,FIRST_TOUCH,74681,2026-06-17T15:17:00.000,55,40,195,23169,23174,3548,,0,1,first_touch,LONG,2.954205,0.449854,1,82.92,1,2,,0,0,
379,FIRST_TOUCH,74697,2026-06-17T15:33:00.000,55,40,194,23199,23211,3889,,0,1,first_touch,SHORT,3.238135,0.272912,0.923077,92.18,20,1,,0,0,
380,ZONE_INVALIDATED,74698,2026-06-17T15:34:00.000,55,40,195,23169,23174,3548,,0,9,close_through_down,LONG,2.954205,0.449854,1,82.92,1,2,74681,12,5,TARGET
381,ZONE_CREATED,74700,2026-06-17T15:36:00.000,55,41,196,23173,23178,2299,1604,57,0,OFF_PRICE,SHORT,1.433292,0.200663,0.833333,85.33,6,3,,0,0,
382,FIRST_TOUCH,74702,2026-06-17T15:38:00.000,55,41,196,23173,23178,2299,,0,1,first_touch,SHORT,1.433292,0.200663,0.833333,85.33,6,3,,0,0,
383,ZONE_INVALIDATED,74703,2026-06-17T15:39:00.000,55,41,196,23173,23178,2299,,0,2,close_through_up,SHORT,1.433292,0.200663,0.833333,85.33,6,3,74702,5,14,STOP
384,ZONE_CREATED,74710,2026-06-17T15:46:00.000,55,41,197,23185,23190,1921,1604,57,0,OFF_PRICE,LONG,1.197631,0.20268,0.833333,71.33,8,4,,0,0,
385,FIRST_TOUCH,74711,2026-06-17T15:47:00.000,55,41,197,23185,23190,1921,,0,1,first_touch,LONG,1.197631,0.20268,0.833333,71.33,8,4,,0,0,
386,ZONE_INVALIDATED,74720,2026-06-17T15:56:00.000,55,41,197,23185,23190,1921,,0,5,close_through_down,LONG,1.197631,0.20268,0.833333,71.33,8,4,74711,15,0,TARGET
387,FIRST_TOUCH,74729,2026-06-17T16:05:00.000,55,39,178,23123,23130,1778,,0,1,first_touch,LONG,1.041593,0.20871,0.75,57.49,24,1,,0,0,
388,ZONE_INVALIDATED,74729,2026-06-17T16:05:00.000,55,39,178,23123,23130,1778,,0,1,close_through_down,LONG,1.041593,0.20871,0.75,57.49,24,1,74729,8,8,STOP
389,ZONE_CREATED,74730,2026-06-17T16:06:00.000,55,42,198,23155,23161,4633,3550,57,0,OFF_PRICE,SHORT,1.30507,0.399534,1,86.35,28,4,,0,0,
390,ZONE_CREATED,74760,2026-06-17T16:36:00.000,55,43,199,23065,23070,2574,915,57,0,OFF_PRICE,SHORT,2.813115,0.289702,1,93.33,13,1,,0,0,
391,FIRST_TOUCH,74775,2026-06-17T16:51:00.000,55,43,199,23065,23070,2574,,0,1,first_touch,SHORT,2.813115,0.289702,1,93.33,13,1,,0,0,
392,ZONE_INVALIDATED,74780,2026-06-17T16:56:00.000,55,43,199,23065,23070,2574,,0,3,close_through_up,SHORT,2.813115,0.289702,1,93.33,13,1,74775,13,1,TARGET
393,ZONE_CREATED,74780,2026-06-17T16:56:00.000,55,43,200,23057,23061,3363,915,57,0,OFF_PRICE,LONG,3.67541,0.545853,1,94.17,10,2,,0,0,
394,FIRST_TOUCH,74789,2026-06-17T17:05:00.000,55,43,200,23057,23061,3363,,0,1,first_touch,LONG,3.67541,0.545853,1,94.17,10,2,,0,0,
395,ZONE_CREATED,74790,2026-06-17T17:06:00.000,55,44,201,23067,23074,2671,1045,55,0,OFF_PRICE,SHORT,2.555981,0.677231,0.875,90.63,6,3,,0,0,
396,FIRST_TOUCH,74802,2026-06-17T17:18:00.000,55,44,201,23067,23074,2671,,0,1,first_touch,SHORT,2.555981,0.677231,0.875,90.63,6,3,,0,0,
397,ZONE_INVALIDATED,74803,2026-06-17T17:19:00.000,55,44,201,23067,23074,2671,,0,2,close_through_up,SHORT,2.555981,0.677231,0.875,90.63,6,3,74802,3,11,STOP
398,ZONE_CREATED,75024,2026-06-17T22:03:00.000,56,6,202,23107,23110,1437,592,58,0,OFF_PRICE,LONG,2.427365,0.660386,1,85.83,6,1,,0,0,
399,FIRST_TOUCH,75094,2026-06-17T23:13:00.000,56,6,202,23107,23110,1437,,0,1,first_touch,LONG,2.427365,0.660386,1,85.83,6,1,,0,0,
400,AT_PRICE_CREATED,75094,2026-06-17T23:13:00.000,56,8,203,23110,23113,623,450,55,0,AT_PRICE,NEUTRAL,1.384444,0.848774,1,73.58,0,2,,0,0,
401,ZONE_CREATED,75124,2026-06-17T23:45:00.000,56,9,204,23116,23117,174,166,57,0,OFF_PRICE,LONG,1.048193,0.540373,1,57.12,3,3,,0,0,
402,FIRST_TOUCH,75134,2026-06-17T23:55:00.000,56,9,204,23116,23117,174,,0,1,first_touch,LONG,1.048193,0.540373,1,57.12,3,3,,0,0,
403,ZONE_CREATED,75234,2026-06-18T01:39:00.000,56,13,205,23125,23127,478,242,56,0,OFF_PRICE,LONG,1.975207,0.79402,1,88.75,3,3,,0,0,
404,AT_PRICE_CREATED,75244,2026-06-18T01:49:00.000,56,13,206,23128,23129,478,242,56,0,AT_PRICE,NEUTRAL,1.975207,0.807432,1,85,0,4,,0,0,
405,FIRST_TOUCH,75255,2026-06-18T02:01:00.000,56,13,205,23125,23127,478,,0,1,first_touch,LONG,1.975207,0.79402,1,88.75,3,3,,0,0,
406,ZONE_INVALIDATED,75275,2026-06-18T02:21:00.000,56,13,205,23125,23127,478,,0,16,close_through_down,LONG,1.975207,0.79402,1,88.75,3,3,75255,3,3,
407,ZONE_INVALIDATED,75284,2026-06-18T02:31:00.000,56,9,204,23116,23117,174,,0,14,close_through_down,LONG,1.048193,0.540373,1,57.12,3,3,75134,13,1,TARGET
408,ZONE_INVALIDATED,75310,2026-06-18T02:57:00.000,56,6,202,23107,23110,1437,,0,14,close_through_down,LONG,2.427365,0.660386,1,85.83,6,1,75094,12,3,TARGET
409,ZONE_CREATED,75454,2026-06-18T05:21:00.000,56,20,207,23090,23093,1111,949,60,0,OFF_PRICE,LONG,1.170706,0.532854,0.75,54.03,2,1,,0,0,
410,FIRST_TOUCH,75455,2026-06-18T05:22:00.000,56,20,207,23090,23093,1111,,0,1,first_touch,LONG,1.170706,0.532854,0.75,54.03,2,1,,0,0,
411,ZONE_INVALIDATED,75458,2026-06-18T05:25:00.000,56,20,207,23090,23093,1111,,0,4,close_through_down,LONG,1.170706,0.532854,0.75,54.03,2,1,75455,3,6,
412,ZONE_INVALIDATED,75488,2026-06-18T05:55:00.000,56,43,200,23057,23061,3363,,0,17,close_through_down,LONG,3.67541,0.545853,1,94.17,10,2,74789,17,6,TARGET
413,AT_PRICE_CREATED,75564,2026-06-18T07:11:00.000,56,24,208,23006,23012,1307,1031,60,0,AT_PRICE,NEUTRAL,1.267701,0.443351,0.857143,59.93,0,1,,0,0,
414,ZONE_CREATED,75574,2026-06-18T07:21:00.000,56,24,209,23021,23024,1223,1031,60,0,OFF_PRICE,LONG,1.186227,0.336081,1,65.95,5,2,,0,0,
415,FIRST_TOUCH,75575,2026-06-18T07:22:00.000,56,24,209,23021,23024,1223,,0,1,first_touch,LONG,1.186227,0.336081,1,65.95,5,2,,0,0,
416,ZONE_INVALIDATED,75576,2026-06-18T07:23:00.000,56,24,209,23021,23024,1223,,0,2,close_through_down,LONG,1.186227,0.336081,1,65.95,5,2,75575,4,5,
417,ZONE_CREATED,75634,2026-06-18T08:21:00.000,56,26,210,22999,23003,1727,1253,60,0,OFF_PRICE,SHORT,1.378292,0.574518,0.8,84.73,9,3,,0,0,
418,FIRST_TOUCH,75637,2026-06-18T08:24:00.000,56,26,210,22999,23003,1727,,0,1,first_touch,SHORT,1.378292,0.574518,0.8,84.73,9,3,,0,0,
419,ZONE_INVALIDATED,75638,2026-06-18T08:25:00.000,56,26,210,22999,23003,1727,,0,2,close_through_up,SHORT,1.378292,0.574518,0.8,84.73,9,3,75637,5,7,
420,ZONE_CREATED,75704,2026-06-18T09:31:00.000,56,29,211,23038,23041,3055,2514,60,0,OFF_PRICE,SHORT,1.215195,0.431924,1,80.06,17,4,,0,0,
421,FIRST_TOUCH,75769,2026-06-18T10:36:00.000,56,29,211,23038,23041,3055,,0,1,first_touch,SHORT,1.215195,0.431924,1,80.06,17,4,,0,0,
422,ZONE_INVALIDATED,75773,2026-06-18T10:40:00.000,56,29,211,23038,23041,3055,,0,5,close_through_up,SHORT,1.215195,0.431924,1,80.06,17,4,75769,3,11,STOP
423,ZONE_CREATED,76223,2026-06-18T19:10:00.000,57,0,212,23005,23007,1974,873,47,0,OFF_PRICE,SHORT,2.261168,0.568385,0.666667,74.58,1,1,,0,0,
424,FIRST_TOUCH,76224,2026-06-18T19:11:00.000,57,0,212,23005,23007,1974,,0,1,first_touch,SHORT,2.261168,0.568385,0.666667,74.58,1,1,,0,0,
425,ZONE_INVALIDATED,76337,2026-06-18T21:06:00.000,57,0,212,23005,23007,1974,,0,16,close_through_up,SHORT,2.261168,0.568385,0.666667,74.58,1,1,76224,7,2,TIMEOUT
426,AT_PRICE_CREATED,76523,2026-06-19T00:18:00.000,57,10,213,22968,22973,1069,446,58,0,AT_PRICE,NEUTRAL,2.396861,0.564116,1,78.33,0,1,,0,0,
427,ZONE_CREATED,76623,2026-06-19T01:58:00.000,57,13,214,22942,22946,1174,478,56,0,OFF_PRICE,SHORT,2.456067,0.700477,1,89.17,6,2,,0,0,
428,ZONE_CREATED,76633,2026-06-19T02:08:00.000,57,14,215,22934,22936,1529,315,53,0,OFF_PRICE,SHORT,4.853968,0.458608,1,91.25,5,3,,0,0,
429,FIRST_TOUCH,76639,2026-06-19T02:14:00.000,57,14,215,22934,22936,1529,,0,1,first_touch,SHORT,4.853968,0.458608,1,91.25,5,3,,0,0,
430,ZONE_CREATED,76643,2026-06-19T02:18:00.000,57,14,216,22930,22932,742,315,53,0,OFF_PRICE,SHORT,2.355556,0.540422,1,95,8,4,,0,0,
431,FIRST_TOUCH,76651,2026-06-19T02:26:00.000,57,14,216,22930,22932,742,,0,1,first_touch,SHORT,2.355556,0.540422,1,95,8,4,,0,0,
432,ZONE_CREATED,76653,2026-06-19T02:28:00.000,57,14,217,22919,22922,540,315,53,0,OFF_PRICE,SHORT,1.714286,0.402985,0.75,85,3,4,,0,0,
433,FIRST_TOUCH,76654,2026-06-19T02:29:00.000,57,14,217,22919,22922,540,,0,1,first_touch,SHORT,1.714286,0.402985,0.75,85,3,4,,0,0,
434,ZONE_INVALIDATED,76655,2026-06-19T02:30:00.000,57,14,217,22919,22922,540,,0,2,close_through_up,SHORT,1.714286,0.402985,0.75,85,3,4,76654,2,7,
435,ZONE_CREATED,76663,2026-06-19T02:38:00.000,57,15,218,22925,22927,818,473,58,0,OFF_PRICE,SHORT,1.729387,0.555329,1,86.25,1,5,,0,0,
436,FIRST_TOUCH,76664,2026-06-19T02:39:00.000,57,15,218,22925,22927,818,,0,1,first_touch,SHORT,1.729387,0.555329,1,86.25,1,5,,0,0,
437,ZONE_INVALIDATED,76673,2026-06-19T02:48:00.000,57,15,218,22925,22927,818,,0,8,close_through_up,SHORT,1.729387,0.555329,1,86.25,1,5,76664,7,4,
438,ZONE_INVALIDATED,76676,2026-06-19T02:51:00.000,57,14,215,22934,22936,1529,,0,3,close_through_up,SHORT,4.853968,0.458608,1,91.25,5,3,76639,14,1,TARGET
439,ZONE_INVALIDATED,76676,2026-06-19T02:51:00.000,57,14,216,22930,22932,742,,0,8,close_through_up,SHORT,2.355556,0.540422,1,95,8,4,76651,14,0,TARGET
440,FIRST_TOUCH,76677,2026-06-19T02:52:00.000,57,13,214,22942,22946,1174,,0,1,first_touch,SHORT,2.456067,0.700477,1,89.17,6,2,,0,0,
441,ZONE_INVALIDATED,76680,2026-06-19T02:55:00.000,57,13,214,22942,22946,1174,,0,4,close_through_up,SHORT,2.456067,0.700477,1,89.17,6,2,76677,5,5,
442,AT_PRICE_CREATED,76683,2026-06-19T02:58:00.000,57,15,219,22939,22945,828,473,58,0,AT_PRICE,NEUTRAL,1.750529,0.623494,0.857143,82.86,0,7,,0,0,
443,ZONE_CREATED,76693,2026-06-19T03:08:00.000,57,16,220,22947,22949,1201,930,60,0,OFF_PRICE,LONG,1.291398,0.456307,1,72.9,2,8,,0,0,
444,FIRST_TOUCH,76694,2026-06-19T03:09:00.000,57,16,220,22947,22949,1201,,0,1,first_touch,LONG,1.291398,0.456307,1,72.9,2,8,,0,0,
445,ZONE_INVALIDATED,76696,2026-06-19T03:11:00.000,57,16,220,22947,22949,1201,,0,3,close_through_down,LONG,1.291398,0.456307,1,72.9,2,8,76694,3,4,
446,ZONE_CREATED,76713,2026-06-19T03:28:00.000,57,16,221,22953,22955,972,930,60,0,OFF_PRICE,LONG,1.045161,0.768379,1,55.66,2,9,,0,0,
447,FIRST_TOUCH,76714,2026-06-19T03:29:00.000,57,16,221,22953,22955,972,,0,1,first_touch,LONG,1.045161,0.768379,1,55.66,2,9,,0,0,
448,ZONE_INVALIDATED,76717,2026-06-19T03:32:00.000,57,16,221,22953,22955,972,,0,4,close_through_down,LONG,1.045161,0.768379,1,55.66,2,9,76714,3,5,
449,ZONE_CREATED,76733,2026-06-19T03:48:00.000,57,17,222,22949,22951,782,696,60,0,OFF_PRICE,LONG,1.123563,0.734272,1,63.65,4,9,,0,0,
450,FIRST_TOUCH,76735,2026-06-19T03:50:00.000,57,17,222,22949,22951,782,,0,1,first_touch,LONG,1.123563,0.734272,1,63.65,4,9,,0,0,
451,ZONE_CREATED,77851,2026-06-22T04:58:00.000,58,19,223,22972,22974,1310,806,60,0,OFF_PRICE,SHORT,1.62531,0.688387,1,80.83,2,1,,0,0,
452,FIRST_TOUCH,77852,2026-06-22T04:59:00.000,58,19,223,22972,22974,1310,,0,1,first_touch,SHORT,1.62531,0.688387,1,80.83,2,1,,0,0,
453,ZONE_INVALIDATED,77875,2026-06-22T05:22:00.000,58,19,223,22972,22974,1310,,0,10,close_through_up,SHORT,1.62531,0.688387,1,80.83,2,1,77852,9,10,STOP
454,ZONE_INVALIDATED,78204,2026-06-22T10:51:00.000,58,17,222,22949,22951,782,,0,14,close_through_down,LONG,1.123563,0.734272,1,63.65,4,9,76735,14,1,TARGET
455,ZONE_CREATED,78231,2026-06-22T11:18:00.000,58,32,224,22946,22952,3232,2889,60,0,OFF_PRICE,SHORT,1.118726,0.688539,0.857143,52,2,1,,0,0,
456,FIRST_TOUCH,78235,2026-06-22T11:22:00.000,58,32,224,22946,22952,3232,,0,1,first_touch,SHORT,1.118726,0.688539,0.857143,52,2,1,,0,0,
457,ZONE_INVALIDATED,78240,2026-06-22T11:27:00.000,58,32,224,22946,22952,3232,,0,6,close_through_up,SHORT,1.118726,0.688539,0.857143,52,2,1,78235,4,7,
458,AT_PRICE_CREATED,78813,2026-06-22T22:33:00.000,59,7,225,22924,22926,636,447,58,0,AT_PRICE,NEUTRAL,1.422819,0.848,1,72.93,0,1,,0,0,
459,ZONE_CREATED,78833,2026-06-22T22:53:00.000,59,7,226,22926,22928,454,447,58,0,OFF_PRICE,LONG,1.01566,0.573957,0.666667,52.76,8,2,,0,0,
460,FIRST_TOUCH,78906,2026-06-23T00:09:00.000,59,7,226,22926,22928,454,,0,1,first_touch,LONG,1.01566,0.573957,0.666667,52.76,8,2,,0,0,
461,ZONE_INVALIDATED,78907,2026-06-23T00:10:00.000,59,7,226,22926,22928,454,,0,2,close_through_down,LONG,1.01566,0.573957,0.666667,52.76,8,2,78906,1,3,
462,AT_PRICE_CREATED,79173,2026-06-23T04:45:00.000,59,19,227,22908,22914,1827,889,60,0,AT_PRICE,NEUTRAL,2.055118,0.491261,1,78.33,0,1,,0,0,
463,ZONE_CREATED,79363,2026-06-23T07:55:00.000,59,25,228,22877,22884,1763,960,60,0,OFF_PRICE,SHORT,1.836458,0.612578,0.875,86.04,5,2,,0,0,
464,FIRST_TOUCH,79365,2026-06-23T07:57:00.000,59,25,228,22877,22884,1763,,0,1,first_touch,SHORT,1.836458,0.612578,0.875,86.04,5,2,,0,0,
465,ZONE_CREATED,79966,2026-06-24T04:04:00.000,60,18,229,22796,22800,2348,1115,60,0,OFF_PRICE,SHORT,2.10583,0.576904,1,84.58,5,1,,0,0,
466,FIRST_TOUCH,79968,2026-06-24T04:06:00.000,60,18,229,22796,22800,2348,,0,1,first_touch,SHORT,2.10583,0.576904,1,84.58,5,1,,0,0,
467,AT_PRICE_CREATED,79986,2026-06-24T04:24:00.000,60,18,230,22786,22788,1365,1115,60,0,AT_PRICE,NEUTRAL,1.224215,0.696073,1,62.36,0,2,,0,0,
468,ZONE_CREATED,80046,2026-06-24T05:24:00.000,60,20,231,22774,22776,1100,883,60,0,OFF_PRICE,SHORT,1.245753,0.277148,1,69.7,2,3,,0,0,
469,FIRST_TOUCH,80047,2026-06-24T05:25:00.000,60,20,231,22774,22776,1100,,0,1,first_touch,SHORT,1.245753,0.277148,1,69.7,2,3,,0,0,
470,ZONE_INVALIDATED,80049,2026-06-24T05:27:00.000,60,20,231,22774,22776,1100,,0,3,close_through_up,SHORT,1.245753,0.277148,1,69.7,2,3,80047,1,4,
471,ZONE_CREATED,80086,2026-06-24T06:04:00.000,60,22,232,22784,22786,2621,1031,60,0,OFF_PRICE,SHORT,2.542192,0.828906,1,93.75,7,4,,0,0,
472,FIRST_TOUCH,80098,2026-06-24T06:16:00.000,60,22,232,22784,22786,2621,,0,1,first_touch,SHORT,2.542192,0.828906,1,93.75,7,4,,0,0,
473,ZONE_INVALIDATED,80462,2026-06-24T12:20:00.000,60,22,232,22784,22786,2621,,0,7,close_through_up,SHORT,2.542192,0.828906,1,93.75,7,4,80098,13,1,TARGET
474,ZONE_INVALIDATED,80532,2026-06-24T13:30:00.000,60,18,229,22796,22800,2348,,0,17,close_through_up,SHORT,2.10583,0.576904,1,84.58,5,1,79968,14,0,TARGET
475,ZONE_CREATED,81292,2026-06-25T03:38:00.000,61,17,233,22786,22791,1389,782,60,0,OFF_PRICE,SHORT,1.776215,0.741591,1,79.58,1,1,,0,0,
476,FIRST_TOUCH,81293,2026-06-25T03:39:00.000,61,17,233,22786,22791,1389,,0,1,first_touch,SHORT,1.776215,0.741591,1,79.58,1,1,,0,0,
477,ZONE_INVALIDATED,81300,2026-06-25T03:46:00.000,61,17,233,22786,22791,1389,,0,8,close_through_up,SHORT,1.776215,0.741591,1,79.58,1,1,81293,1,6,
478,ZONE_CREATED,81382,2026-06-25T05:08:00.000,61,20,234,22799,22803,1556,1100,60,0,OFF_PRICE,SHORT,1.414545,0.738841,1,79.43,3,2,,0,0,
479,FIRST_TOUCH,81385,2026-06-25T05:11:00.000,61,20,234,22799,22803,1556,,0,1,first_touch,SHORT,1.414545,0.738841,1,79.43,3,2,,0,0,
480,ZONE_INVALIDATED,81395,2026-06-25T05:21:00.000,61,20,234,22799,22803,1556,,0,11,close_through_up,SHORT,1.414545,0.738841,1,79.43,3,2,81385,2,5,
481,ZONE_CREATED,82103,2026-06-28T19:10:00.000,62,0,235,22842,22843,2475,1974,45,0,OFF_PRICE,LONG,1.253799,0.405738,1,62.35,1,1,,0,0,
482,FIRST_TOUCH,82104,2026-06-28T19:11:00.000,62,0,235,22842,22843,2475,,0,1,first_touch,LONG,1.253799,0.405738,1,62.35,1,1,,0,0,
483,ZONE_INVALIDATED,82106,2026-06-28T19:13:00.000,62,0,235,22842,22843,2475,,0,2,close_through_down,LONG,1.253799,0.405738,1,62.35,1,1,82104,0,2,
484,ZONE_INVALIDATED,82583,2026-06-29T03:53:00.000,62,25,228,22877,22884,1763,,0,50,close_through_up,SHORT,1.836458,0.612578,0.875,86.04,5,2,79365,3,8,STOP
485,AT_PRICE_CREATED,83113,2026-06-29T12:45:00.000,62,35,236,22913,22915,3334,2079,59,0,AT_PRICE,NEUTRAL,1.603656,0.906964,1,78.33,0,1,,0,0,
486,ZONE_CREATED,83560,2026-06-29T21:58:00.000,63,5,237,22899,22900,940,437,56,0,OFF_PRICE,LONG,2.15103,0.550029,1,84.58,5,1,,0,0,
487,FIRST_TOUCH,83568,2026-06-29T22:06:00.000,63,5,237,22899,22900,940,,0,1,first_touch,LONG,2.15103,0.550029,1,84.58,5,1,,0,0,
488,ZONE_INVALIDATED,83570,2026-06-29T22:08:00.000,63,5,237,22899,22900,940,,0,3,close_through_down,LONG,2.15103,0.550029,1,84.58,5,1,83568,1,4,
489,AT_PRICE_CREATED,83610,2026-06-29T22:48:00.000,63,7,238,22884,22885,476,454,56,0,AT_PRICE,NEUTRAL,1.048458,0.462136,1,50.06,0,2,,0,0,
490,ZONE_CREATED,83800,2026-06-30T02:09:00.000,63,14,239,22849,22851,1588,770,52,0,OFF_PRICE,LONG,2.062338,0.54161,1,85.42,3,2,,0,0,
491,FIRST_TOUCH,83802,2026-06-30T02:11:00.000,63,14,239,22849,22851,1588,,0,1,first_touch,LONG,2.062338,0.54161,1,85.42,3,2,,0,0,
492,ZONE_INVALIDATED,83844,2026-06-30T02:56:00.000,63,14,239,22849,22851,1588,,0,4,close_through_down,LONG,2.062338,0.54161,1,85.42,3,2,83802,7,7,
493,AT_PRICE_CREATED,83850,2026-06-30T03:02:00.000,63,16,240,22839,22846,1909,1201,60,0,AT_PRICE,NEUTRAL,1.589509,0.837648,1,81.67,0,2,,0,0,
494,AT_PRICE_CREATED,83910,2026-06-30T04:02:00.000,63,18,241,22876,22880,1453,1365,60,0,AT_PRICE,NEUTRAL,1.064469,0.75559,1,54.51,0,3,,0,0,
495,ZONE_CREATED,83970,2026-06-30T05:02:00.000,63,20,242,22867,22870,1716,1111,60,0,OFF_PRICE,SHORT,1.544554,0.519213,1,93.75,7,4,,0,0,
496,FIRST_TOUCH,83974,2026-06-30T05:06:00.000,63,20,242,22867,22870,1716,,0,1,first_touch,SHORT,1.544554,0.519213,1,93.75,7,4,,0,0,
497,ZONE_INVALIDATED,84128,2026-06-30T07:40:00.000,63,20,242,22867,22870,1716,,0,16,close_through_up,SHORT,1.544554,0.519213,1,93.75,7,4,83974,19,3,TARGET
498,ZONE_CREATED,84380,2026-06-30T11:52:00.000,63,33,243,22905,22913,5924,2611,60,0,OFF_PRICE,LONG,2.268863,0.623579,1,93.33,13,1,,0,0,
499,AT_PRICE_CREATED,84390,2026-06-30T12:02:00.000,63,34,244,22937,22940,5681,4428,60,0,AT_PRICE,NEUTRAL,1.282972,0.337392,1,66.47,0,2,,0,0,
500,FIRST_TOUCH,84426,2026-06-30T12:38:00.000,63,33,243,22905,22913,5924,,0,1,first_touch,LONG,2.268863,0.623579,1,93.33,13,1,,0,0,
501,ZONE_INVALIDATED,84447,2026-06-30T12:59:00.000,63,33,243,22905,22913,5924,,0,22,close_through_down,LONG,2.268863,0.623579,1,93.33,13,1,84426,4,9,STOP
502,ZONE_CREATED,84690,2026-06-30T17:02:00.000,63,44,245,22924,22925,1380,1045,52,0,OFF_PRICE,LONG,1.320574,0.40648,1,67.02,1,1,,0,0,
503,FIRST_TOUCH,84691,2026-06-30T17:03:00.000,63,44,245,22924,22925,1380,,0,1,first_touch,LONG,1.320574,0.40648,1,67.02,1,1,,0,0,
504,ZONE_INVALIDATED,84696,2026-06-30T17:08:00.000,63,44,245,22924,22925,1380,,0,4,close_through_down,LONG,1.320574,0.40648,1,67.02,1,1,84691,2,2,
