# meta,indicator=aVolClusterPOI,version=0.5,instrument=ES 06-26,tick_size=0.25,window_bars=10,median_mult=2,max_gap_ticks=1,min_cluster_ticks=2,bucket_minutes=30,percentile=98,lookback_sessions=20,min_samples=20,predictive_filter=0,min_quality=0,reaction_horizon=50,reaction_target_ticks=12,reaction_stop_ticks=8,quality_formula=heuristic_v1_not_probability,session_buckets=1,invalidation=CloseThrough,max_age_bars=0,max_touches=0,one_cluster_per_block=1,kinds=OFF_PRICE|AT_PRICE,export=ZONE_CREATED|AT_PRICE_CREATED|FIRST_TOUCH|ZONE_INVALIDATED,footprint=reconstructed_1tick_subseries,quantile=empirical_no_interp,write_mode=overwrite
event_seq,event_type,bar_index,bar_close_time,session_index,bucket,zone_id,lower_tick,upper_tick,score,threshold,samples,touch_count,reason,direction,anomaly_ratio,cluster_share,density,quality_score,distance_ticks,burst_count,touch_bar,mfe_ticks,mae_ticks,outcome
1,AT_PRICE_CREATED,10583,2026-04-12T19:10:00.000,8,0,1,27120,27150,15138,7858,24,0,AT_PRICE,NEUTRAL,1.926444,0.830344,1,78.33,0,1,,0,0,
2,ZONE_CREATED,10693,2026-04-12T21:00:00.000,8,3,2,27122,27136,2612,1782,24,0,OFF_PRICE,LONG,1.465769,0.691005,0.866667,78.52,1,2,,0,0,
3,FIRST_TOUCH,10694,2026-04-12T21:01:00.000,8,3,2,27122,27136,2612,,0,1,first_touch,LONG,1.465769,0.691005,0.866667,78.52,1,2,,0,0,
4,ZONE_INVALIDATED,10694,2026-04-12T21:01:00.000,8,3,2,27122,27136,2612,,0,1,close_through_down,LONG,1.465769,0.691005,0.866667,78.52,1,2,10694,4,19,STOP
5,ZONE_CREATED,11403,2026-04-13T08:50:00.000,8,27,3,27236,27246,3223,2673,24,0,OFF_PRICE,SHORT,1.205761,0.575844,0.727273,56.15,2,1,,0,0,
6,FIRST_TOUCH,11416,2026-04-13T09:03:00.000,8,27,3,27236,27246,3223,,0,1,first_touch,SHORT,1.205761,0.575844,0.727273,56.15,2,1,,0,0,
7,ZONE_INVALIDATED,11425,2026-04-13T09:12:00.000,8,27,3,27236,27246,3223,,0,5,close_through_up,SHORT,1.205761,0.575844,0.727273,56.15,2,1,11416,26,7,TARGET
8,AT_PRICE_CREATED,11893,2026-04-13T17:00:00.000,8,43,4,27685,27697,93993,47286,21,0,AT_PRICE,NEUTRAL,1.987755,0.629689,1,78.33,0,1,,0,0,
9,AT_PRICE_CREATED,14093,2026-04-15T07:52:00.000,10,25,5,27998,28010,4404,3361,30,0,AT_PRICE,NEUTRAL,1.310324,0.801894,1,65.06,0,1,,0,0,
10,AT_PRICE_CREATED,14153,2026-04-15T08:52:00.000,10,27,6,28020,28034,4277,3223,30,0,AT_PRICE,NEUTRAL,1.327025,0.495425,0.933333,68.56,0,2,,0,0,
11,AT_PRICE_CREATED,14931,2026-04-15T22:50:00.000,11,7,7,28300,28306,1514,1265,33,0,AT_PRICE,NEUTRAL,1.196838,0.811361,1,57.11,0,1,,0,0,
12,ZONE_CREATED,16981,2026-04-17T10:00:00.000,12,29,8,28520,28528,11032,9301,36,0,OFF_PRICE,LONG,1.186109,0.393144,0.888889,69.69,16,1,,0,0,
13,FIRST_TOUCH,16982,2026-04-17T10:01:00.000,12,29,8,28520,28528,11032,,0,1,first_touch,LONG,1.186109,0.393144,0.888889,69.69,16,1,,0,0,
14,ZONE_INVALIDATED,16983,2026-04-17T10:02:00.000,12,29,8,28520,28528,11032,,0,2,close_through_down,LONG,1.186109,0.393144,0.888889,69.69,16,1,16982,17,5,TARGET
15,ZONE_CREATED,17011,2026-04-17T10:30:00.000,12,30,9,28535,28543,14290,6384,34,0,OFF_PRICE,SHORT,2.238409,0.254347,1,96.67,51,2,,0,0,
16,FIRST_TOUCH,17018,2026-04-17T10:37:00.000,12,30,9,28535,28543,14290,,0,1,first_touch,SHORT,2.238409,0.254347,1,96.67,51,2,,0,0,
17,ZONE_INVALIDATED,17033,2026-04-17T10:52:00.000,12,30,9,28535,28543,14290,,0,6,close_through_up,SHORT,2.238409,0.254347,1,96.67,51,2,17018,17,1,TARGET
18,ZONE_CREATED,17231,2026-04-17T14:10:00.000,12,38,10,28724,28733,13487,11408,33,0,OFF_PRICE,SHORT,1.182241,0.434546,1,71.09,20,1,,0,0,
19,ZONE_CREATED,17251,2026-04-17T14:30:00.000,12,38,11,28633,28640,13089,11408,33,0,OFF_PRICE,LONG,1.147353,0.197827,0.875,54,2,1,,0,0,
20,FIRST_TOUCH,17252,2026-04-17T14:31:00.000,12,38,11,28633,28640,13089,,0,1,first_touch,LONG,1.147353,0.197827,0.875,54,2,1,,0,0,
21,ZONE_INVALIDATED,17291,2026-04-17T15:10:00.000,12,38,11,28633,28640,13089,,0,16,close_through_down,LONG,1.147353,0.197827,0.875,54,2,1,17252,16,0,TARGET
22,AT_PRICE_CREATED,18481,2026-04-20T12:00:00.000,13,33,12,28520,28553,57395,26502,36,0,AT_PRICE,NEUTRAL,2.165686,0.773049,1,78.33,0,1,,0,0,
23,AT_PRICE_CREATED,18821,2026-04-20T17:40:00.000,13,45,13,28632,28639,5290,3875,36,0,AT_PRICE,NEUTRAL,1.365161,0.416864,1,68.89,0,1,,0,0,
24,ZONE_CREATED,18831,2026-04-20T17:50:00.000,13,45,14,28628,28637,4193,3875,36,0,OFF_PRICE,SHORT,1.082065,0.646968,0.9,65.91,17,2,,0,0,
25,FIRST_TOUCH,18844,2026-04-20T19:03:00.000,14,45,14,28628,28637,4193,,0,1,first_touch,SHORT,1.082065,0.646968,0.9,65.91,17,2,,0,0,
26,ZONE_INVALIDATED,18847,2026-04-20T19:06:00.000,14,45,14,28628,28637,4193,,0,4,close_through_up,SHORT,1.082065,0.646968,0.9,65.91,17,2,18844,6,14,STOP
27,FIRST_TOUCH,19654,2026-04-21T08:33:00.000,14,38,10,28724,28733,13487,,0,1,first_touch,SHORT,1.182241,0.434546,1,71.09,20,1,,0,0,
28,AT_PRICE_CREATED,19931,2026-04-21T13:10:00.000,14,36,15,28519,28538,29272,24856,39,0,AT_PRICE,NEUTRAL,1.177663,0.792871,0.95,55.02,0,1,,0,0,
29,AT_PRICE_CREATED,19991,2026-04-21T14:10:00.000,14,38,16,28436,28456,28834,13487,39,0,AT_PRICE,NEUTRAL,2.137911,0.558452,0.809524,75.48,0,1,,0,0,
30,ZONE_CREATED,20001,2026-04-21T14:20:00.000,14,38,17,28417,28432,25250,13487,39,0,OFF_PRICE,SHORT,1.872173,0.542987,1,96.67,21,2,,0,0,
31,FIRST_TOUCH,20006,2026-04-21T14:25:00.000,14,38,17,28417,28432,25250,,0,1,first_touch,SHORT,1.872173,0.542987,1,96.67,21,2,,0,0,
32,ZONE_INVALIDATED,20012,2026-04-21T14:31:00.000,14,38,17,28417,28432,25250,,0,6,close_through_up,SHORT,1.872173,0.542987,1,96.67,21,2,20006,8,17,STOP
33,ZONE_CREATED,20031,2026-04-21T14:50:00.000,14,39,18,28494,28504,28739,12210,39,0,OFF_PRICE,SHORT,2.353726,0.479967,1,94.17,10,2,,0,0,
34,FIRST_TOUCH,20034,2026-04-21T14:53:00.000,14,39,18,28494,28504,28739,,0,1,first_touch,SHORT,2.353726,0.479967,1,94.17,10,2,,0,0,
35,AT_PRICE_CREATED,20101,2026-04-21T16:00:00.000,14,41,19,28477,28493,22065,17427,39,0,AT_PRICE,NEUTRAL,1.266139,0.465094,0.941176,67.75,0,3,,0,0,
36,ZONE_INVALIDATED,20107,2026-04-21T16:06:00.000,14,39,18,28494,28504,28739,,0,13,close_through_up,SHORT,2.353726,0.479967,1,94.17,10,2,20034,23,0,TARGET
37,ZONE_CREATED,20661,2026-04-22T02:20:00.000,15,14,20,28550,28563,3395,1198,45,0,OFF_PRICE,LONG,2.83389,0.484377,0.857143,81.19,4,1,,0,0,
38,FIRST_TOUCH,20670,2026-04-22T02:29:00.000,15,14,20,28550,28563,3395,,0,1,first_touch,LONG,2.83389,0.484377,0.857143,81.19,4,1,,0,0,
39,ZONE_INVALIDATED,20709,2026-04-22T03:08:00.000,15,14,20,28550,28563,3395,,0,19,close_through_down,LONG,2.83389,0.484377,0.857143,81.19,4,1,20670,12,4,TARGET
40,ZONE_CREATED,21741,2026-04-22T21:20:00.000,16,4,21,28476,28488,4154,3990,48,0,OFF_PRICE,LONG,1.041103,0.151099,0.923077,53.94,116,1,,0,0,
41,FIRST_TOUCH,21933,2026-04-23T00:32:00.000,16,4,21,28476,28488,4154,,0,1,first_touch,LONG,1.041103,0.151099,0.923077,53.94,116,1,,0,0,
42,AT_PRICE_CREATED,22441,2026-04-23T09:00:00.000,16,27,22,28627,28639,5812,4277,48,0,AT_PRICE,NEUTRAL,1.358896,0.726682,1,68.46,0,1,,0,0,
43,ZONE_INVALIDATED,22770,2026-04-23T14:29:00.000,16,4,21,28476,28488,4154,,0,24,close_through_down,LONG,1.041103,0.151099,0.923077,53.94,116,1,21933,16,2,TARGET
44,AT_PRICE_CREATED,22791,2026-04-23T14:50:00.000,16,39,23,28361,28386,41002,28739,45,0,AT_PRICE,NEUTRAL,1.426702,0.373809,0.884615,71.47,0,1,,0,0,
45,AT_PRICE_CREATED,22801,2026-04-23T15:00:00.000,16,39,24,28476,28497,29498,28739,45,0,AT_PRICE,NEUTRAL,1.02641,0.299819,0.954545,44.5,0,1,,0,0,
46,ZONE_INVALIDATED,23789,2026-04-24T08:28:00.000,17,38,10,28724,28733,13487,,0,23,close_through_up,SHORT,1.182241,0.434546,1,71.09,20,1,19654,7,8,STOP
47,ZONE_CREATED,23791,2026-04-24T08:30:00.000,17,26,25,28719,28742,12519,3862,51,0,OFF_PRICE,LONG,3.241585,0.632241,0.916667,85.83,7,1,,0,0,
48,FIRST_TOUCH,23792,2026-04-24T08:31:00.000,17,26,25,28719,28742,12519,,0,1,first_touch,LONG,3.241585,0.632241,0.916667,85.83,7,1,,0,0,
49,ZONE_INVALIDATED,23799,2026-04-24T08:38:00.000,17,26,25,28719,28742,12519,,0,8,close_through_down,LONG,3.241585,0.632241,0.916667,85.83,7,1,23792,16,0,TARGET
50,ZONE_CREATED,24721,2026-04-27T01:00:00.000,18,11,26,28812,28814,879,839,54,0,OFF_PRICE,SHORT,1.047676,0.876371,1,47.92,1,1,,0,0,
51,FIRST_TOUCH,24722,2026-04-27T01:01:00.000,18,11,26,28812,28814,879,,0,1,first_touch,SHORT,1.047676,0.876371,1,47.92,1,1,,0,0,
52,ZONE_INVALIDATED,24747,2026-04-27T01:26:00.000,18,11,26,28812,28814,879,,0,5,close_through_up,SHORT,1.047676,0.876371,1,47.92,1,1,24722,12,0,TARGET
53,ZONE_CREATED,24971,2026-04-27T05:10:00.000,18,20,27,28737,28745,2447,2213,54,0,OFF_PRICE,SHORT,1.105739,0.651144,0.888889,55.32,5,1,,0,0,
54,FIRST_TOUCH,24972,2026-04-27T05:11:00.000,18,20,27,28737,28745,2447,,0,1,first_touch,SHORT,1.105739,0.651144,0.888889,55.32,5,1,,0,0,
55,ZONE_INVALIDATED,24992,2026-04-27T05:31:00.000,18,20,27,28737,28745,2447,,0,15,close_through_up,SHORT,1.105739,0.651144,0.888889,55.32,5,1,24972,11,8,STOP
56,ZONE_CREATED,28491,2026-04-29T17:51:00.000,20,45,28,28643,28658,4793,4193,57,0,OFF_PRICE,SHORT,1.143096,0.637198,1,68.35,32,1,,0,0,
57,FIRST_TOUCH,28503,2026-04-29T19:03:00.000,21,45,28,28643,28658,4793,,0,1,first_touch,SHORT,1.143096,0.637198,1,68.35,32,1,,0,0,
58,ZONE_INVALIDATED,28505,2026-04-29T19:05:00.000,21,45,28,28643,28658,4793,,0,3,close_through_up,SHORT,1.143096,0.637198,1,68.35,32,1,28503,12,13,AMBIGUOUS
59,AT_PRICE_CREATED,28780,2026-04-29T23:40:00.000,21,9,29,28710,28721,3172,1219,60,0,AT_PRICE,NEUTRAL,2.602133,0.314277,1,78.33,0,1,,0,0,
60,AT_PRICE_CREATED,28890,2026-04-30T01:30:00.000,21,12,30,28620,28626,1799,1429,59,0,AT_PRICE,NEUTRAL,1.258922,0.536374,0.857143,59.32,0,1,,0,0,
61,AT_PRICE_CREATED,28900,2026-04-30T01:40:00.000,21,13,31,28588,28600,3076,1098,59,0,AT_PRICE,NEUTRAL,2.801457,0.82555,1,81.67,0,2,,0,0,
62,ZONE_CREATED,28990,2026-04-30T03:10:00.000,21,16,32,28560,28566,3377,1349,60,0,OFF_PRICE,SHORT,2.503336,0.658285,1,87.92,5,2,,0,0,
63,FIRST_TOUCH,29000,2026-04-30T03:20:00.000,21,16,32,28560,28566,3377,,0,1,first_touch,SHORT,2.503336,0.658285,1,87.92,5,2,,0,0,
64,ZONE_INVALIDATED,29006,2026-04-30T03:26:00.000,21,16,32,28560,28566,3377,,0,4,close_through_up,SHORT,2.503336,0.658285,1,87.92,5,2,29000,12,4,TARGET
65,AT_PRICE_CREATED,29020,2026-04-30T03:40:00.000,21,17,33,28616,28624,2064,1743,60,0,AT_PRICE,NEUTRAL,1.184165,0.356231,0.888889,61.22,0,3,,0,0,
66,ZONE_CREATED,29030,2026-04-30T03:50:00.000,21,17,34,28599,28609,2598,1743,60,0,OFF_PRICE,SHORT,1.490534,0.709061,1,96.84,10,4,,0,0,
67,FIRST_TOUCH,29032,2026-04-30T03:52:00.000,21,17,34,28599,28609,2598,,0,1,first_touch,SHORT,1.490534,0.709061,1,96.84,10,4,,0,0,
68,ZONE_INVALIDATED,29040,2026-04-30T04:00:00.000,21,17,34,28599,28609,2598,,0,9,close_through_up,SHORT,1.490534,0.709061,1,96.84,10,4,29032,8,9,STOP
69,ZONE_CREATED,29200,2026-04-30T06:40:00.000,21,23,35,28700,28707,2735,1983,60,0,OFF_PRICE,LONG,1.379223,0.388053,1,72.38,2,1,,0,0,
70,FIRST_TOUCH,29201,2026-04-30T06:41:00.000,21,23,35,28700,28707,2735,,0,1,first_touch,LONG,1.379223,0.388053,1,72.38,2,1,,0,0,
71,ZONE_INVALIDATED,29203,2026-04-30T06:43:00.000,21,23,35,28700,28707,2735,,0,3,close_through_down,LONG,1.379223,0.388053,1,72.38,2,1,29201,5,12,STOP
72,ZONE_CREATED,29220,2026-04-30T07:00:00.000,21,23,36,28687,28692,4104,1983,60,0,OFF_PRICE,SHORT,2.069592,0.602555,1,84.17,2,2,,0,0,
73,FIRST_TOUCH,29221,2026-04-30T07:01:00.000,21,23,36,28687,28692,4104,,0,1,first_touch,SHORT,2.069592,0.602555,1,84.17,2,2,,0,0,
74,ZONE_INVALIDATED,29222,2026-04-30T07:02:00.000,21,23,36,28687,28692,4104,,0,2,close_through_up,SHORT,2.069592,0.602555,1,84.17,2,2,29221,3,16,STOP
75,ZONE_CREATED,29710,2026-04-30T15:10:00.000,21,40,37,28919,28928,21465,17702,57,0,OFF_PRICE,SHORT,1.212575,0.630304,1,60.71,2,1,,0,0,
76,FIRST_TOUCH,29711,2026-04-30T15:11:00.000,21,40,37,28919,28928,21465,,0,1,first_touch,SHORT,1.212575,0.630304,1,60.71,2,1,,0,0,
77,ZONE_INVALIDATED,29717,2026-04-30T15:17:00.000,21,40,37,28919,28928,21465,,0,7,close_through_up,SHORT,1.212575,0.630304,1,60.71,2,1,29711,5,9,STOP
78,ZONE_CREATED,29830,2026-04-30T17:10:00.000,21,44,38,28962,28973,35969,32966,57,0,OFF_PRICE,LONG,1.091094,0.701848,1,52.21,2,1,,0,0,
79,FIRST_TOUCH,29832,2026-04-30T17:12:00.000,21,44,38,28962,28973,35969,,0,1,first_touch,LONG,1.091094,0.701848,1,52.21,2,1,,0,0,
80,ZONE_CREATED,30220,2026-05-01T00:40:00.000,22,11,39,29060,29061,1039,874,60,0,OFF_PRICE,SHORT,1.188787,0.486651,1,71.55,13,1,,0,0,
81,FIRST_TOUCH,30734,2026-05-01T09:14:00.000,22,11,39,29060,29061,1039,,0,1,first_touch,SHORT,1.188787,0.486651,1,71.55,13,1,,0,0,
82,ZONE_INVALIDATED,30735,2026-05-01T09:15:00.000,22,11,39,29060,29061,1039,,0,2,close_through_up,SHORT,1.188787,0.486651,1,71.55,13,1,30734,23,0,TARGET
83,ZONE_CREATED,30910,2026-05-01T12:10:00.000,22,34,40,29096,29107,20646,19368,57,0,OFF_PRICE,LONG,1.065985,0.64644,0.916667,51.7,4,1,,0,0,
84,FIRST_TOUCH,30911,2026-05-01T12:11:00.000,22,34,40,29096,29107,20646,,0,1,first_touch,LONG,1.065985,0.64644,0.916667,51.7,4,1,,0,0,
85,ZONE_INVALIDATED,30986,2026-05-01T13:26:00.000,22,34,40,29096,29107,20646,,0,10,close_through_down,LONG,1.065985,0.64644,0.916667,51.7,4,1,30911,7,8,STOP
86,AT_PRICE_CREATED,31480,2026-05-03T22:40:00.000,23,7,41,29055,29063,1391,1282,60,0,AT_PRICE,NEUTRAL,1.085023,0.679531,0.888889,47.62,0,1,,0,0,
87,ZONE_INVALIDATED,31986,2026-05-04T07:06:00.000,23,44,38,28962,28973,35969,,0,6,close_through_down,LONG,1.091094,0.701848,1,52.21,2,1,29832,12,0,TARGET
88,ZONE_CREATED,31990,2026-05-04T07:10:00.000,23,24,42,28877,28885,2894,2536,60,0,OFF_PRICE,LONG,1.141167,0.115946,1,57.71,12,1,,0,0,
89,FIRST_TOUCH,31992,2026-05-04T07:12:00.000,23,24,42,28877,28885,2894,,0,1,first_touch,LONG,1.141167,0.115946,1,57.71,12,1,,0,0,
90,ZONE_INVALIDATED,32000,2026-05-04T07:20:00.000,23,24,42,28877,28885,2894,,0,9,close_through_down,LONG,1.141167,0.115946,1,57.71,12,1,31992,31,0,TARGET
91,AT_PRICE_CREATED,32020,2026-05-04T07:40:00.000,23,25,43,28970,28996,11029,3361,60,0,AT_PRICE,NEUTRAL,3.281464,0.644707,0.962963,77.78,0,1,,0,0,
92,ZONE_CREATED,32300,2026-05-04T12:20:00.000,23,34,44,29000,29016,21752,20646,60,0,OFF_PRICE,SHORT,1.05357,0.440226,0.941176,61.2,50,1,,0,0,
93,AT_PRICE_CREATED,32400,2026-05-04T14:00:00.000,23,37,45,28858,28865,15981,14521,60,0,AT_PRICE,NEUTRAL,1.100544,0.724105,1,50.37,0,1,,0,0,
94,FIRST_TOUCH,33183,2026-05-05T04:03:00.000,24,34,44,29000,29016,21752,,0,1,first_touch,SHORT,1.05357,0.440226,0.941176,61.2,50,1,,0,0,
95,ZONE_INVALIDATED,33217,2026-05-05T04:37:00.000,24,34,44,29000,29016,21752,,0,29,close_through_up,SHORT,1.05357,0.440226,0.941176,61.2,50,1,33183,6,8,STOP
96,AT_PRICE_CREATED,33620,2026-05-05T11:20:00.000,24,32,46,29080,29092,35810,35440,60,0,AT_PRICE,NEUTRAL,1.01044,0.448118,1,44.06,0,1,,0,0,
97,AT_PRICE_CREATED,34080,2026-05-05T20:00:00.000,25,1,47,29256,29274,9216,5052,60,0,AT_PRICE,NEUTRAL,1.824228,0.580316,1,78.33,0,1,,0,0,
98,AT_PRICE_CREATED,34720,2026-05-06T06:40:00.000,25,23,48,29351,29360,5115,2735,60,0,AT_PRICE,NEUTRAL,1.870201,0.684464,1,78.33,0,1,,0,0,
99,ZONE_CREATED,34750,2026-05-06T07:10:00.000,25,24,49,29374,29380,3773,2536,60,0,OFF_PRICE,SHORT,1.487776,0.492366,0.857143,84.92,5,2,,0,0,
100,FIRST_TOUCH,34751,2026-05-06T07:11:00.000,25,24,49,29374,29380,3773,,0,1,first_touch,SHORT,1.487776,0.492366,0.857143,84.92,5,2,,0,0,
101,ZONE_INVALIDATED,34759,2026-05-06T07:19:00.000,25,24,49,29374,29380,3773,,0,6,close_through_up,SHORT,1.487776,0.492366,0.857143,84.92,5,2,34751,8,8,STOP
102,ZONE_CREATED,34770,2026-05-06T07:30:00.000,25,24,50,29390,29395,4186,2536,60,0,OFF_PRICE,LONG,1.650631,0.477854,0.833333,91.25,7,3,,0,0,
103,FIRST_TOUCH,34846,2026-05-06T08:46:00.000,25,24,50,29390,29395,4186,,0,1,first_touch,LONG,1.650631,0.477854,0.833333,91.25,7,3,,0,0,
104,ZONE_INVALIDATED,34849,2026-05-06T08:49:00.000,25,24,50,29390,29395,4186,,0,4,close_through_down,LONG,1.650631,0.477854,0.833333,91.25,7,3,34846,9,8,STOP
105,AT_PRICE_CREATED,35030,2026-05-06T11:50:00.000,25,33,51,29458,29469,39101,26190,60,0,AT_PRICE,NEUTRAL,1.492974,0.733699,1,77.84,0,1,,0,0,
106,AT_PRICE_CREATED,35160,2026-05-06T14:00:00.000,25,37,52,29430,29443,19077,15981,60,0,AT_PRICE,NEUTRAL,1.19373,0.692953,0.928571,59.16,0,2,,0,0,
107,ZONE_CREATED,35340,2026-05-06T17:00:00.000,25,43,53,29570,29580,84854,72411,60,0,OFF_PRICE,SHORT,1.171839,0.580171,1,70.36,23,1,,0,0,
108,FIRST_TOUCH,35354,2026-05-06T17:14:00.000,25,43,53,29570,29580,84854,,0,1,first_touch,SHORT,1.171839,0.580171,1,70.36,23,1,,0,0,
109,AT_PRICE_CREATED,35820,2026-05-07T02:00:00.000,26,13,54,29574,29575,724,674,59,0,AT_PRICE,NEUTRAL,1.074184,0.762908,1,48.53,0,1,,0,0,
110,ZONE_INVALIDATED,35862,2026-05-07T02:42:00.000,26,43,53,29570,29580,84854,,0,104,close_through_up,SHORT,1.171839,0.580171,1,70.36,23,1,35354,19,0,TARGET
111,AT_PRICE_CREATED,35950,2026-05-07T04:10:00.000,26,18,55,29611,29618,2621,1560,60,0,AT_PRICE,NEUTRAL,1.680128,0.401378,1,81.67,0,2,,0,0,
112,ZONE_CREATED,35960,2026-05-07T04:20:00.000,26,18,56,29624,29632,4718,1560,60,0,OFF_PRICE,SHORT,3.024359,0.514055,0.888889,95,14,2,,0,0,
113,FIRST_TOUCH,36004,2026-05-07T05:04:00.000,26,18,56,29624,29632,4718,,0,1,first_touch,SHORT,3.024359,0.514055,0.888889,95,14,2,,0,0,
114,ZONE_INVALIDATED,36417,2026-05-07T11:57:00.000,26,18,56,29624,29632,4718,,0,7,close_through_up,SHORT,3.024359,0.514055,0.888889,95,14,2,36004,5,8,STOP
115,AT_PRICE_CREATED,36770,2026-05-07T17:50:00.000,26,45,57,29426,29437,5226,4793,60,0,AT_PRICE,NEUTRAL,1.09034,0.634685,1,49.66,0,1,,0,0,
116,AT_PRICE_CREATED,36790,2026-05-07T19:10:00.000,27,0,58,29379,29398,5003,4643,60,0,AT_PRICE,NEUTRAL,1.077536,0.810202,1,48.76,0,1,,0,0,
117,ZONE_CREATED,38340,2026-05-10T22:00:00.000,28,5,59,29592,29603,3257,1678,60,0,OFF_PRICE,LONG,1.941001,0.558183,1,85.83,6,1,,0,0,
118,FIRST_TOUCH,38341,2026-05-10T22:01:00.000,28,5,59,29592,29603,3257,,0,1,first_touch,LONG,1.941001,0.558183,1,85.83,6,1,,0,0,
119,ZONE_CREATED,38360,2026-05-10T22:20:00.000,28,6,60,29615,29620,2220,1898,60,0,OFF_PRICE,LONG,1.169652,0.625705,1,73.54,17,2,,0,0,
120,FIRST_TOUCH,39048,2026-05-11T09:48:00.000,28,6,60,29615,29620,2220,,0,1,first_touch,LONG,1.169652,0.625705,1,73.54,17,2,,0,0,
121,ZONE_CREATED,39960,2026-05-12T02:00:00.000,29,13,61,29686,29690,980,724,59,0,OFF_PRICE,SHORT,1.353591,0.585075,1,71.83,3,1,,0,0,
122,FIRST_TOUCH,39961,2026-05-12T02:01:00.000,29,13,61,29686,29690,980,,0,1,first_touch,SHORT,1.353591,0.585075,1,71.83,3,1,,0,0,
123,ZONE_INVALIDATED,39965,2026-05-12T02:05:00.000,29,13,61,29686,29690,980,,0,5,close_through_up,SHORT,1.353591,0.585075,1,71.83,3,1,39961,4,5,
124,ZONE_INVALIDATED,40088,2026-05-12T04:08:00.000,29,6,60,29615,29620,2220,,0,8,close_through_down,LONG,1.169652,0.625705,1,73.54,17,2,39048,24,10,AMBIGUOUS
125,AT_PRICE_CREATED,40160,2026-05-12T05:20:00.000,29,20,62,29632,29639,2422,2213,60,0,AT_PRICE,NEUTRAL,1.094442,0.684955,1,49.94,0,1,,0,0,
126,ZONE_INVALIDATED,40497,2026-05-12T10:57:00.000,29,5,59,29592,29603,3257,,0,18,close_through_down,LONG,1.941001,0.558183,1,85.83,6,1,38341,8,11,STOP
127,AT_PRICE_CREATED,41510,2026-05-13T04:50:00.000,30,19,63,29776,29783,2113,2098,60,0,AT_PRICE,NEUTRAL,1.00715,0.618017,0.875,41.96,0,1,,0,0,
128,AT_PRICE_CREATED,41800,2026-05-13T09:40:00.000,30,29,64,29680,29707,20095,9885,60,0,AT_PRICE,NEUTRAL,2.032878,0.864859,1,78.33,0,1,,0,0,
129,AT_PRICE_CREATED,42040,2026-05-13T13:40:00.000,30,37,65,29847,29852,16285,15981,60,0,AT_PRICE,NEUTRAL,1.019023,0.667883,1,44.66,0,1,,0,0,
130,AT_PRICE_CREATED,42240,2026-05-13T17:00:00.000,30,43,66,29873,29887,88513,72411,60,0,AT_PRICE,NEUTRAL,1.22237,0.866203,1,62.23,0,2,,0,0,
131,ZONE_CREATED,42670,2026-05-14T01:10:00.000,31,12,67,29886,29889,755,592,60,0,OFF_PRICE,LONG,1.275338,0.639289,1,73.86,9,1,,0,0,
132,AT_PRICE_CREATED,42770,2026-05-14T02:50:00.000,31,15,68,29921,29928,1409,913,60,0,AT_PRICE,NEUTRAL,1.543264,0.409117,1,81.67,0,2,,0,0,
133,ZONE_CREATED,43440,2026-05-14T14:00:00.000,31,37,69,30077,30090,16480,16285,60,0,OFF_PRICE,LONG,1.011974,0.751379,1,45.42,1,1,,0,0,
134,FIRST_TOUCH,43441,2026-05-14T14:01:00.000,31,37,69,30077,30090,16480,,0,1,first_touch,LONG,1.011974,0.751379,1,45.42,1,1,,0,0,
135,ZONE_INVALIDATED,43450,2026-05-14T14:10:00.000,31,37,69,30077,30090,16480,,0,5,close_through_down,LONG,1.011974,0.751379,1,45.42,1,1,43441,13,1,TARGET
136,ZONE_CREATED,43890,2026-05-14T22:30:00.000,32,6,70,30031,30042,2431,2063,60,0,OFF_PRICE,SHORT,1.178381,0.514715,0.833333,68.32,13,1,,0,0,
137,FIRST_TOUCH,43901,2026-05-14T22:41:00.000,32,6,70,30031,30042,2431,,0,1,first_touch,SHORT,1.178381,0.514715,0.833333,68.32,13,1,,0,0,
138,ZONE_CREATED,43910,2026-05-14T22:50:00.000,32,7,71,30016,30021,1329,1289,60,0,OFF_PRICE,SHORT,1.031032,0.295268,1,63.84,20,2,,0,0,
139,ZONE_CREATED,43950,2026-05-14T23:30:00.000,32,8,72,30001,30005,1340,1085,60,0,OFF_PRICE,SHORT,1.235023,0.62181,1,67.7,1,3,,0,0,
140,FIRST_TOUCH,43955,2026-05-14T23:35:00.000,32,8,72,30001,30005,1340,,0,1,first_touch,SHORT,1.235023,0.62181,1,67.7,1,3,,0,0,
141,ZONE_INVALIDATED,43956,2026-05-14T23:36:00.000,32,8,72,30001,30005,1340,,0,2,close_through_up,SHORT,1.235023,0.62181,1,67.7,1,3,43955,4,11,STOP
142,FIRST_TOUCH,43965,2026-05-14T23:45:00.000,32,7,71,30016,30021,1329,,0,1,first_touch,SHORT,1.031032,0.295268,1,63.84,20,2,,0,0,
143,ZONE_INVALIDATED,43972,2026-05-14T23:52:00.000,32,7,71,30016,30021,1329,,0,8,close_through_up,SHORT,1.031032,0.295268,1,63.84,20,2,43965,7,31,STOP
144,ZONE_CREATED,43980,2026-05-15T00:00:00.000,32,9,73,30036,30044,1796,864,60,0,OFF_PRICE,SHORT,2.078704,0.406151,0.777778,85.42,3,4,,0,0,
145,FIRST_TOUCH,43981,2026-05-15T00:01:00.000,32,9,73,30036,30044,1796,,0,1,first_touch,SHORT,2.078704,0.406151,0.777778,85.42,3,4,,0,0,
146,ZONE_CREATED,44100,2026-05-15T02:00:00.000,32,13,74,29976,29978,1610,980,60,0,OFF_PRICE,SHORT,1.642857,0.622342,1,84.17,2,2,,0,0,
147,ZONE_CREATED,44110,2026-05-15T02:10:00.000,32,14,75,29965,29968,1089,1001,60,0,OFF_PRICE,SHORT,1.087912,0.240185,0.75,67.4,17,3,,0,0,
148,AT_PRICE_CREATED,44140,2026-05-15T02:40:00.000,32,15,76,29918,29921,1140,1068,60,0,AT_PRICE,NEUTRAL,1.067416,0.239445,1,48.05,0,1,,0,0,
149,FIRST_TOUCH,44150,2026-05-15T02:50:00.000,32,12,67,29886,29889,755,,0,1,first_touch,LONG,1.275338,0.639289,1,73.86,9,1,,0,0,
150,ZONE_INVALIDATED,44158,2026-05-15T02:58:00.000,32,12,67,29886,29889,755,,0,3,close_through_down,LONG,1.275338,0.639289,1,73.86,9,1,44150,17,2,TARGET
151,AT_PRICE_CREATED,44190,2026-05-15T03:30:00.000,32,16,77,29876,29878,1286,1253,60,0,AT_PRICE,NEUTRAL,1.026337,0.196186,1,44.7,0,1,,0,0,
152,AT_PRICE_CREATED,44200,2026-05-15T03:40:00.000,32,17,78,29907,29918,2886,2064,60,0,AT_PRICE,NEUTRAL,1.398256,0.539036,0.916667,76.63,0,3,,0,0,
153,AT_PRICE_CREATED,44290,2026-05-15T05:10:00.000,32,20,79,29845,29863,5010,2422,60,0,AT_PRICE,NEUTRAL,2.068538,0.652344,0.894737,80.09,0,2,,0,0,
154,ZONE_CREATED,44310,2026-05-15T05:30:00.000,32,20,80,29808,29822,4560,2422,60,0,OFF_PRICE,SHORT,1.882742,0.471757,0.933333,95.67,38,2,,0,0,
155,FIRST_TOUCH,44321,2026-05-15T05:41:00.000,32,20,80,29808,29822,4560,,0,1,first_touch,SHORT,1.882742,0.471757,0.933333,95.67,38,2,,0,0,
156,ZONE_INVALIDATED,44325,2026-05-15T05:45:00.000,32,20,80,29808,29822,4560,,0,5,close_through_up,SHORT,1.882742,0.471757,0.933333,95.67,38,2,44321,8,16,STOP
157,ZONE_CREATED,44370,2026-05-15T06:30:00.000,32,22,81,29762,29775,3488,2399,60,0,OFF_PRICE,LONG,1.453939,0.752373,1,90.11,22,1,,0,0,
158,FIRST_TOUCH,44373,2026-05-15T06:33:00.000,32,22,81,29762,29775,3488,,0,1,first_touch,LONG,1.453939,0.752373,1,90.11,22,1,,0,0,
159,ZONE_INVALIDATED,44388,2026-05-15T06:48:00.000,32,22,81,29762,29775,3488,,0,9,close_through_down,LONG,1.453939,0.752373,1,90.11,22,1,44373,19,0,TARGET
160,ZONE_CREATED,44460,2026-05-15T08:00:00.000,32,25,82,29866,29870,2378,1750,60,0,OFF_PRICE,SHORT,1.358857,0.263082,1,83.04,9,2,,0,0,
161,FIRST_TOUCH,44461,2026-05-15T08:01:00.000,32,25,82,29866,29870,2378,,0,1,first_touch,SHORT,1.358857,0.263082,1,83.04,9,2,,0,0,
162,ZONE_INVALIDATED,44847,2026-05-15T14:27:00.000,32,25,82,29866,29870,2378,,0,8,close_through_up,SHORT,1.358857,0.263082,1,83.04,9,2,44461,10,8,STOP
163,AT_PRICE_CREATED,45000,2026-05-15T17:00:00.000,32,43,83,29719,29738,120585,84854,60,0,AT_PRICE,NEUTRAL,1.421088,0.793954,1,72.81,0,1,,0,0,
164,AT_PRICE_CREATED,45190,2026-05-17T21:10:00.000,33,4,84,29568,29580,4317,3019,60,0,AT_PRICE,NEUTRAL,1.429944,0.470723,1,73.43,0,1,,0,0,
165,ZONE_CREATED,45360,2026-05-18T00:00:00.000,33,9,85,29523,29525,1980,1796,60,0,OFF_PRICE,LONG,1.10245,0.527437,1,54.25,3,1,,0,0,
166,FIRST_TOUCH,45387,2026-05-18T00:27:00.000,33,9,85,29523,29525,1980,,0,1,first_touch,LONG,1.10245,0.527437,1,54.25,3,1,,0,0,
167,ZONE_INVALIDATED,45392,2026-05-18T00:32:00.000,33,9,85,29523,29525,1980,,0,3,close_through_down,LONG,1.10245,0.527437,1,54.25,3,1,45387,12,1,TARGET
168,ZONE_CREATED,45440,2026-05-18T01:20:00.000,33,12,86,29567,29568,1405,755,60,0,OFF_PRICE,SHORT,1.860927,0.388766,1,84.58,5,1,,0,0,
169,FIRST_TOUCH,45490,2026-05-18T02:10:00.000,33,12,86,29567,29568,1405,,0,1,first_touch,SHORT,1.860927,0.388766,1,84.58,5,1,,0,0,
170,ZONE_INVALIDATED,45520,2026-05-18T02:40:00.000,33,12,86,29567,29568,1405,,0,5,close_through_up,SHORT,1.860927,0.388766,1,84.58,5,1,45490,12,3,TARGET
171,ZONE_CREATED,45630,2026-05-18T04:30:00.000,33,18,87,29598,29608,3020,2621,60,0,OFF_PRICE,LONG,1.152232,0.34869,0.909091,59.71,3,2,,0,0,
172,FIRST_TOUCH,45632,2026-05-18T04:32:00.000,33,18,87,29598,29608,3020,,0,1,first_touch,LONG,1.152232,0.34869,0.909091,59.71,3,2,,0,0,
173,ZONE_INVALIDATED,45636,2026-05-18T04:36:00.000,33,18,87,29598,29608,3020,,0,3,close_through_down,LONG,1.152232,0.34869,0.909091,59.71,3,2,45632,12,0,TARGET
174,ZONE_CREATED,45640,2026-05-18T04:40:00.000,33,19,88,29610,29621,3617,2113,60,0,OFF_PRICE,SHORT,1.711784,0.456116,0.916667,95.42,39,2,,0,0,
175,FIRST_TOUCH,45664,2026-05-18T05:04:00.000,33,19,88,29610,29621,3617,,0,1,first_touch,SHORT,1.711784,0.456116,0.916667,95.42,39,2,,0,0,
176,ZONE_INVALIDATED,45666,2026-05-18T05:06:00.000,33,19,88,29610,29621,3617,,0,3,close_through_up,SHORT,1.711784,0.456116,0.916667,95.42,39,2,45664,6,12,STOP
177,AT_PRICE_CREATED,45820,2026-05-18T07:40:00.000,33,25,89,29580,29588,3095,2378,60,0,AT_PRICE,NEUTRAL,1.301514,0.710677,1,71.11,0,3,,0,0,
178,ZONE_CREATED,45880,2026-05-18T08:40:00.000,33,27,90,29610,29631,8103,3029,60,0,OFF_PRICE,LONG,2.67514,0.499599,0.909091,95.3,51,2,,0,0,
179,AT_PRICE_CREATED,45970,2026-05-18T10:10:00.000,33,30,91,29770,29780,8850,8107,60,0,AT_PRICE,NEUTRAL,1.091649,0.459454,0.909091,48.39,0,1,,0,0,
180,FIRST_TOUCH,46056,2026-05-18T11:36:00.000,33,27,90,29610,29631,8103,,0,1,first_touch,LONG,2.67514,0.499599,0.909091,95.3,51,2,,0,0,
181,ZONE_CREATED,46090,2026-05-18T12:10:00.000,33,34,92,29643,29656,21973,20646,60,0,OFF_PRICE,SHORT,1.064274,0.404958,1,61.58,11,1,,0,0,
182,FIRST_TOUCH,46091,2026-05-18T12:11:00.000,33,34,92,29643,29656,21973,,0,1,first_touch,SHORT,1.064274,0.404958,1,61.58,11,1,,0,0,
183,ZONE_INVALIDATED,46104,2026-05-18T12:24:00.000,33,27,90,29610,29631,8103,,0,13,close_through_down,LONG,2.67514,0.499599,0.909091,95.3,51,2,46056,36,7,TARGET
184,ZONE_INVALIDATED,46161,2026-05-18T13:21:00.000,33,34,92,29643,29656,21973,,0,21,close_through_up,SHORT,1.064274,0.404958,1,61.58,11,1,46091,24,4,TARGET
185,AT_PRICE_CREATED,46270,2026-05-18T15:10:00.000,33,40,93,29577,29603,18318,16533,60,0,AT_PRICE,NEUTRAL,1.107966,0.776055,0.962963,50.34,0,1,,0,0,
186,ZONE_CREATED,46330,2026-05-18T16:10:00.000,33,42,94,29617,29640,26945,16431,60,0,OFF_PRICE,SHORT,1.639888,0.30087,1,87.92,5,2,,0,0,
187,FIRST_TOUCH,46331,2026-05-18T16:11:00.000,33,42,94,29617,29640,26945,,0,1,first_touch,SHORT,1.639888,0.30087,1,87.92,5,2,,0,0,
188,ZONE_INVALIDATED,46360,2026-05-18T16:40:00.000,33,42,94,29617,29640,26945,,0,10,close_through_up,SHORT,1.639888,0.30087,1,87.92,5,2,46331,12,3,TARGET
189,ZONE_CREATED,46690,2026-05-18T23:10:00.000,34,8,95,29640,29647,1706,1340,60,0,OFF_PRICE,SHORT,1.273134,0.382597,1,77.45,24,1,,0,0,
190,FIRST_TOUCH,46701,2026-05-18T23:21:00.000,34,8,95,29640,29647,1706,,0,1,first_touch,SHORT,1.273134,0.382597,1,77.45,24,1,,0,0,
191,ZONE_INVALIDATED,46706,2026-05-18T23:26:00.000,34,8,95,29640,29647,1706,,0,6,close_through_up,SHORT,1.273134,0.382597,1,77.45,24,1,46701,8,11,STOP
192,AT_PRICE_CREATED,47580,2026-05-19T14:00:00.000,34,37,96,29593,29601,18416,16480,60,0,AT_PRICE,NEUTRAL,1.117476,0.673001,1,51.56,0,1,,0,0,
193,AT_PRICE_CREATED,48060,2026-05-19T23:00:00.000,35,7,97,29519,29532,2758,1329,60,0,AT_PRICE,NEUTRAL,2.075245,0.67121,1,78.33,0,1,,0,0,
194,AT_PRICE_CREATED,48100,2026-05-19T23:40:00.000,35,9,98,29463,29475,2317,1980,60,0,AT_PRICE,NEUTRAL,1.170202,0.620182,1,55.25,0,1,,0,0,
195,AT_PRICE_CREATED,48130,2026-05-20T00:10:00.000,35,10,99,29437,29444,1804,916,60,0,AT_PRICE,NEUTRAL,1.969432,0.734528,1,81.67,0,2,,0,0,
196,AT_PRICE_CREATED,48330,2026-05-20T03:30:00.000,35,16,100,29548,29552,1625,1286,60,0,AT_PRICE,NEUTRAL,1.263608,0.635759,1,61.79,0,1,,0,0,
197,ZONE_CREATED,48460,2026-05-20T05:40:00.000,35,21,101,29585,29590,1981,1707,60,0,OFF_PRICE,LONG,1.160516,0.525464,1,72.9,12,2,,0,0,
198,FIRST_TOUCH,48478,2026-05-20T05:58:00.000,35,21,101,29585,29590,1981,,0,1,first_touch,LONG,1.160516,0.525464,1,72.9,12,2,,0,0,
199,ZONE_INVALIDATED,48490,2026-05-20T06:10:00.000,35,21,101,29585,29590,1981,,0,10,close_through_down,LONG,1.160516,0.525464,1,72.9,12,2,48478,6,7,
200,ZONE_CREATED,48860,2026-05-20T12:20:00.000,35,34,102,29789,29809,27030,21752,60,0,OFF_PRICE,SHORT,1.242644,0.330768,1,75.32,19,1,,0,0,
201,FIRST_TOUCH,48892,2026-05-20T12:52:00.000,35,34,102,29789,29809,27030,,0,1,first_touch,SHORT,1.242644,0.330768,1,75.32,19,1,,0,0,
202,AT_PRICE_CREATED,48930,2026-05-20T13:30:00.000,35,36,103,29707,29728,25499,16563,60,0,AT_PRICE,NEUTRAL,1.539516,0.717534,0.863636,76.29,0,1,,0,0,
203,ZONE_INVALIDATED,49120,2026-05-20T16:40:00.000,35,34,102,29789,29809,27030,,0,20,close_through_up,SHORT,1.242644,0.330768,1,75.32,19,1,48892,13,5,TARGET
204,AT_PRICE_CREATED,49430,2026-05-20T22:50:00.000,36,7,104,29740,29746,1423,1391,60,0,AT_PRICE,NEUTRAL,1.023005,0.718324,1,44.94,0,1,,0,0,
205,AT_PRICE_CREATED,49660,2026-05-21T02:40:00.000,36,15,105,29792,29798,1378,1140,60,0,AT_PRICE,NEUTRAL,1.208772,0.862868,1,57.95,0,1,,0,0,
206,ZONE_CREATED,49710,2026-05-21T03:30:00.000,36,16,106,29791,29801,2369,1625,60,0,OFF_PRICE,SHORT,1.457846,0.588864,0.909091,78.6,1,2,,0,0,
207,FIRST_TOUCH,49711,2026-05-21T03:31:00.000,36,16,106,29791,29801,2369,,0,1,first_touch,SHORT,1.457846,0.588864,0.909091,78.6,1,2,,0,0,
208,ZONE_INVALIDATED,49807,2026-05-21T05:07:00.000,36,16,106,29791,29801,2369,,0,8,close_through_up,SHORT,1.457846,0.588864,0.909091,78.6,1,2,49711,12,5,TARGET
209,AT_PRICE_CREATED,49950,2026-05-21T07:30:00.000,36,24,107,29724,29747,5443,3773,60,0,AT_PRICE,NEUTRAL,1.442619,0.425201,0.916667,73.07,0,1,,0,0,
210,AT_PRICE_CREATED,50240,2026-05-21T12:20:00.000,36,34,108,29698,29715,28815,21973,60,0,AT_PRICE,NEUTRAL,1.311382,0.561357,1,65.13,0,1,,0,0,
211,ZONE_CREATED,50460,2026-05-21T16:00:00.000,36,41,109,29760,29774,21148,15184,60,0,OFF_PRICE,LONG,1.392782,0.344649,1,85.83,17,1,,0,0,
212,FIRST_TOUCH,50945,2026-05-22T01:05:00.000,37,14,75,29965,29968,1089,,0,1,first_touch,SHORT,1.087912,0.240185,0.75,67.4,17,3,,0,0,
213,ZONE_INVALIDATED,50948,2026-05-22T01:08:00.000,37,14,75,29965,29968,1089,,0,4,close_through_up,SHORT,1.087912,0.240185,0.75,67.4,17,3,50945,5,6,
214,FIRST_TOUCH,51001,2026-05-22T02:01:00.000,37,13,74,29976,29978,1610,,0,1,first_touch,SHORT,1.642857,0.622342,1,84.17,2,2,,0,0,
215,ZONE_INVALIDATED,51198,2026-05-22T05:18:00.000,37,13,74,29976,29978,1610,,0,19,close_through_up,SHORT,1.642857,0.622342,1,84.17,2,2,51001,12,3,TARGET
216,AT_PRICE_CREATED,51440,2026-05-22T09:20:00.000,37,28,110,29963,29983,10272,5148,60,0,AT_PRICE,NEUTRAL,1.995338,0.553508,1,78.33,0,1,,0,0,
217,ZONE_INVALIDATED,51518,2026-05-22T10:38:00.000,37,6,70,30031,30042,2431,,0,47,close_through_up,SHORT,1.178381,0.514715,0.833333,68.32,13,1,43901,13,1,TARGET
218,ZONE_INVALIDATED,51518,2026-05-22T10:38:00.000,37,9,73,30036,30044,1796,,0,11,close_through_up,SHORT,2.078704,0.406151,0.777778,85.42,3,4,43981,12,1,TARGET
219,AT_PRICE_CREATED,51970,2026-05-24T19:10:00.000,38,0,111,30103,30122,5580,3173,60,0,AT_PRICE,NEUTRAL,1.758588,0.710828,0.9,76.83,0,1,,0,0,
220,ZONE_CREATED,52030,2026-05-24T20:10:00.000,38,2,112,30142,30148,859,721,59,0,OFF_PRICE,LONG,1.191401,0.507084,0.857143,59.17,1,2,,0,0,
221,FIRST_TOUCH,52033,2026-05-24T20:13:00.000,38,2,112,30142,30148,859,,0,1,first_touch,LONG,1.191401,0.507084,0.857143,59.17,1,2,,0,0,
222,ZONE_INVALIDATED,52046,2026-05-24T20:26:00.000,38,2,112,30142,30148,859,,0,12,close_through_down,LONG,1.191401,0.507084,0.857143,59.17,1,2,52033,6,9,STOP
223,ZONE_CREATED,52130,2026-05-24T21:50:00.000,38,5,113,30176,30180,2030,1639,60,0,OFF_PRICE,LONG,1.23856,0.647941,1,67.12,3,2,,0,0,
224,FIRST_TOUCH,52131,2026-05-24T21:51:00.000,38,5,113,30176,30180,2030,,0,1,first_touch,LONG,1.23856,0.647941,1,67.12,3,2,,0,0,
225,ZONE_INVALIDATED,52132,2026-05-24T21:52:00.000,38,5,113,30176,30180,2030,,0,2,close_through_down,LONG,1.23856,0.647941,1,67.12,3,2,52131,4,8,STOP
226,AT_PRICE_CREATED,52250,2026-05-24T23:50:00.000,38,9,114,30198,30203,2524,2317,60,0,AT_PRICE,NEUTRAL,1.08934,0.698202,0.833333,50.42,0,2,,0,0,
227,ZONE_CREATED,52270,2026-05-25T00:10:00.000,38,10,115,30221,30223,1626,916,60,0,OFF_PRICE,LONG,1.775109,0.273415,1,90.42,7,2,,0,0,
228,FIRST_TOUCH,52274,2026-05-25T00:14:00.000,38,10,115,30221,30223,1626,,0,1,first_touch,LONG,1.775109,0.273415,1,90.42,7,2,,0,0,
229,AT_PRICE_CREATED,52390,2026-05-25T02:10:00.000,38,14,116,30243,30246,978,828,60,0,AT_PRICE,NEUTRAL,1.181159,0.776807,1,59.35,0,2,,0,0,
230,ZONE_INVALIDATED,52519,2026-05-25T04:19:00.000,38,10,115,30221,30223,1626,,0,17,close_through_down,LONG,1.775109,0.273415,1,90.42,7,2,52274,14,2,TARGET
231,ZONE_CREATED,54570,2026-05-26T20:30:00.000,40,2,117,30149,30153,885,859,59,0,OFF_PRICE,LONG,1.030268,0.661435,1,49.2,3,1,,0,0,
232,FIRST_TOUCH,54572,2026-05-26T20:32:00.000,40,2,117,30149,30153,885,,0,1,first_touch,LONG,1.030268,0.661435,1,49.2,3,1,,0,0,
233,ZONE_INVALIDATED,54576,2026-05-26T20:36:00.000,40,2,117,30149,30153,885,,0,5,close_through_down,LONG,1.030268,0.661435,1,49.2,3,1,54572,1,6,
234,AT_PRICE_CREATED,54590,2026-05-26T20:50:00.000,40,3,118,30167,30174,920,890,60,0,AT_PRICE,NEUTRAL,1.033708,0.518602,0.875,47.15,0,2,,0,0,
235,ZONE_CREATED,55420,2026-05-27T10:40:00.000,40,31,119,30161,30171,35739,28007,60,0,OFF_PRICE,SHORT,1.276074,0.573982,1,70.16,6,1,,0,0,
236,FIRST_TOUCH,55442,2026-05-27T11:02:00.000,40,31,119,30161,30171,35739,,0,1,first_touch,SHORT,1.276074,0.573982,1,70.16,6,1,,0,0,
237,ZONE_INVALIDATED,55442,2026-05-27T11:02:00.000,40,31,119,30161,30171,35739,,0,1,close_through_up,SHORT,1.276074,0.573982,1,70.16,6,1,55442,7,14,STOP
238,AT_PRICE_CREATED,55950,2026-05-27T20:30:00.000,41,2,120,30166,30175,1324,885,60,0,AT_PRICE,NEUTRAL,1.496045,0.778824,1,78.06,0,1,,0,0,
239,ZONE_CREATED,56200,2026-05-28T00:40:00.000,41,11,121,30103,30104,863,775,60,0,OFF_PRICE,SHORT,1.113548,0.106242,1,54.56,32,1,,0,0,
240,ZONE_CREATED,56210,2026-05-28T00:50:00.000,41,11,122,30057,30060,1565,775,60,0,OFF_PRICE,LONG,2.019355,0.291,1,79.58,1,1,,0,0,
241,FIRST_TOUCH,56211,2026-05-28T00:51:00.000,41,11,122,30057,30060,1565,,0,1,first_touch,LONG,2.019355,0.291,1,79.58,1,1,,0,0,
242,ZONE_INVALIDATED,56211,2026-05-28T00:51:00.000,41,11,122,30057,30060,1565,,0,1,close_through_down,LONG,2.019355,0.291,1,79.58,1,1,56211,1,11,STOP
243,AT_PRICE_CREATED,56300,2026-05-28T02:20:00.000,41,14,123,30051,30056,1394,978,60,0,AT_PRICE,NEUTRAL,1.425358,0.717078,1,76.44,0,2,,0,0,
244,FIRST_TOUCH,56320,2026-05-28T02:40:00.000,41,11,121,30103,30104,863,,0,1,first_touch,SHORT,1.113548,0.106242,1,54.56,32,1,,0,0,
245,ZONE_CREATED,56320,2026-05-28T02:40:00.000,41,15,124,30091,30096,2198,1378,60,0,OFF_PRICE,LONG,1.595065,0.416288,1,95,8,4,,0,0,
246,FIRST_TOUCH,56324,2026-05-28T02:44:00.000,41,15,124,30091,30096,2198,,0,1,first_touch,LONG,1.595065,0.416288,1,95,8,4,,0,0,
247,ZONE_INVALIDATED,56328,2026-05-28T02:48:00.000,41,11,121,30103,30104,863,,0,8,close_through_up,SHORT,1.113548,0.106242,1,54.56,32,1,56320,9,6,
248,ZONE_INVALIDATED,56631,2026-05-28T07:51:00.000,41,15,124,30091,30096,2198,,0,9,close_through_down,LONG,1.595065,0.416288,1,95,8,4,56324,13,0,TARGET
249,ZONE_CREATED,56640,2026-05-28T08:00:00.000,41,25,125,30082,30091,5502,3095,60,0,OFF_PRICE,SHORT,1.777706,0.567919,1,84.58,5,1,,0,0,
250,FIRST_TOUCH,56641,2026-05-28T08:01:00.000,41,25,125,30082,30091,5502,,0,1,first_touch,SHORT,1.777706,0.567919,1,84.58,5,1,,0,0,
251,ZONE_INVALIDATED,56683,2026-05-28T08:43:00.000,41,25,125,30082,30091,5502,,0,24,close_through_up,SHORT,1.777706,0.567919,1,84.58,5,1,56641,9,11,STOP
252,AT_PRICE_CREATED,56840,2026-05-28T11:20:00.000,41,32,126,30232,30274,63225,32160,60,0,AT_PRICE,NEUTRAL,1.965951,0.681752,0.976744,77.98,0,1,,0,0,
253,AT_PRICE_CREATED,58260,2026-05-29T12:00:00.000,42,33,127,30357,30382,33893,30768,60,0,AT_PRICE,NEUTRAL,1.101567,0.556042,0.807692,47.56,0,1,,0,0,
254,AT_PRICE_CREATED,58560,2026-05-29T17:00:00.000,42,43,128,30375,30395,185748,88513,57,0,AT_PRICE,NEUTRAL,2.098539,0.920976,1,78.33,0,1,,0,0,
255,AT_PRICE_CREATED,59540,2026-06-01T10:20:00.000,43,30,129,30352,30366,19050,5669,60,0,AT_PRICE,NEUTRAL,3.360381,0.377706,1,78.33,0,1,,0,0,
256,ZONE_CREATED,59680,2026-06-01T12:40:00.000,43,35,130,30393,30401,27367,19542,60,0,OFF_PRICE,LONG,1.40042,0.45172,1,85.95,9,2,,0,0,
257,FIRST_TOUCH,59681,2026-06-01T12:41:00.000,43,35,130,30393,30401,27367,,0,1,first_touch,LONG,1.40042,0.45172,1,85.95,9,2,,0,0,
258,ZONE_INVALIDATED,59690,2026-06-01T12:50:00.000,43,35,130,30393,30401,27367,,0,7,close_through_down,LONG,1.40042,0.45172,1,85.95,9,2,59681,11,10,STOP
259,AT_PRICE_CREATED,59810,2026-06-01T14:50:00.000,43,39,131,30496,30502,15365,11338,57,0,AT_PRICE,NEUTRAL,1.355177,0.288572,1,68.2,0,1,,0,0,
260,AT_PRICE_CREATED,59950,2026-06-01T17:10:00.000,43,44,132,30454,30458,15154,12819,57,0,AT_PRICE,NEUTRAL,1.182151,0.694023,1,56.08,0,1,,0,0,
261,ZONE_CREATED,60000,2026-06-01T18:00:00.000,43,45,133,30427,30433,4896,3777,57,0,OFF_PRICE,LONG,1.296267,0.621478,0.857143,66.51,1,2,,0,0,
262,FIRST_TOUCH,60001,2026-06-01T19:01:00.000,44,45,133,30427,30433,4896,,0,1,first_touch,LONG,1.296267,0.621478,0.857143,66.51,1,2,,0,0,
263,ZONE_INVALIDATED,60001,2026-06-01T19:01:00.000,44,45,133,30427,30433,4896,,0,1,close_through_down,LONG,1.296267,0.621478,0.857143,66.51,1,2,60001,15,17,AMBIGUOUS
264,ZONE_CREATED,61330,2026-06-02T17:10:00.000,44,44,134,30494,30498,15641,15154,57,0,OFF_PRICE,LONG,1.032137,0.572364,1,60.58,14,1,,0,0,
265,FIRST_TOUCH,61381,2026-06-02T19:01:00.000,45,44,134,30494,30498,15641,,0,1,first_touch,LONG,1.032137,0.572364,1,60.58,14,1,,0,0,
266,ZONE_INVALIDATED,61385,2026-06-02T19:05:00.000,45,44,134,30494,30498,15641,,0,5,close_through_down,LONG,1.032137,0.572364,1,60.58,14,1,61381,16,0,TARGET
267,ZONE_CREATED,61490,2026-06-02T20:50:00.000,45,3,135,30482,30485,3014,896,60,0,OFF_PRICE,SHORT,3.363839,0.529701,1,82.92,1,2,,0,0,
268,FIRST_TOUCH,61491,2026-06-02T20:51:00.000,45,3,135,30482,30485,3014,,0,1,first_touch,SHORT,3.363839,0.529701,1,82.92,1,2,,0,0,
269,ZONE_INVALIDATED,61495,2026-06-02T20:55:00.000,45,3,135,30482,30485,3014,,0,5,close_through_up,SHORT,3.363839,0.529701,1,82.92,1,2,61491,7,11,STOP
270,AT_PRICE_CREATED,62110,2026-06-03T07:10:00.000,45,24,136,30466,30480,6433,4186,60,0,AT_PRICE,NEUTRAL,1.536789,0.671713,1,78.33,0,1,,0,0,
271,ZONE_CREATED,62800,2026-06-03T19:40:00.000,46,1,137,30158,30164,1145,938,60,0,OFF_PRICE,SHORT,1.220682,0.550216,0.857143,67.89,9,1,,0,0,
272,FIRST_TOUCH,62817,2026-06-03T19:57:00.000,46,1,137,30158,30164,1145,,0,1,first_touch,SHORT,1.220682,0.550216,0.857143,67.89,9,1,,0,0,
273,ZONE_INVALIDATED,62817,2026-06-03T19:57:00.000,46,1,137,30158,30164,1145,,0,1,close_through_up,SHORT,1.220682,0.550216,0.857143,67.89,9,1,62817,15,11,AMBIGUOUS
274,ZONE_CREATED,62820,2026-06-03T20:00:00.000,46,1,138,30168,30173,1026,938,60,0,OFF_PRICE,LONG,1.093817,0.211634,1,54.48,1,2,,0,0,
275,FIRST_TOUCH,62821,2026-06-03T20:01:00.000,46,1,138,30168,30173,1026,,0,1,first_touch,LONG,1.093817,0.211634,1,54.48,1,2,,0,0,
276,ZONE_INVALIDATED,62823,2026-06-03T20:03:00.000,46,1,138,30168,30173,1026,,0,3,close_through_down,LONG,1.093817,0.211634,1,54.48,1,2,62821,6,19,STOP
277,AT_PRICE_CREATED,62880,2026-06-03T21:00:00.000,46,3,139,30136,30145,1132,920,60,0,AT_PRICE,NEUTRAL,1.230435,0.603733,0.9,64.63,0,3,,0,0,
278,AT_PRICE_CREATED,63000,2026-06-03T23:00:00.000,46,7,140,30155,30164,1470,1423,60,0,AT_PRICE,NEUTRAL,1.033029,0.692743,0.9,50.81,0,4,,0,0,
279,AT_PRICE_CREATED,63400,2026-06-04T05:40:00.000,46,21,141,30181,30185,2061,1930,60,0,AT_PRICE,NEUTRAL,1.067876,0.403643,1,48.08,0,1,,0,0,
280,ZONE_CREATED,63440,2026-06-04T06:20:00.000,46,22,142,30132,30138,2491,2204,60,0,OFF_PRICE,LONG,1.130218,0.642839,1,59.95,6,1,,0,0,
281,FIRST_TOUCH,63526,2026-06-04T07:46:00.000,46,22,142,30132,30138,2491,,0,1,first_touch,LONG,1.130218,0.642839,1,59.95,6,1,,0,0,
282,ZONE_INVALIDATED,63531,2026-06-04T07:51:00.000,46,22,142,30132,30138,2491,,0,5,close_through_down,LONG,1.130218,0.642839,1,59.95,6,1,63526,8,14,STOP
283,ZONE_CREATED,63590,2026-06-04T08:50:00.000,46,27,143,30126,30136,3331,3196,60,0,OFF_PRICE,LONG,1.04224,0.551764,0.909091,63.26,14,2,,0,0,
284,ZONE_CREATED,63600,2026-06-04T09:00:00.000,46,27,144,30167,30174,3623,3196,60,0,OFF_PRICE,LONG,1.133605,0.482938,1,61.85,2,4,,0,0,
285,FIRST_TOUCH,63601,2026-06-04T09:01:00.000,46,27,144,30167,30174,3623,,0,1,first_touch,LONG,1.133605,0.482938,1,61.85,2,4,,0,0,
286,ZONE_INVALIDATED,63602,2026-06-04T09:02:00.000,46,27,144,30167,30174,3623,,0,2,close_through_down,LONG,1.133605,0.482938,1,61.85,2,4,63601,6,16,STOP
287,ZONE_CREATED,64360,2026-06-04T22:40:00.000,47,7,145,30218,30223,1580,1470,60,0,OFF_PRICE,SHORT,1.07483,0.562879,1,54.82,5,1,,0,0,
288,FIRST_TOUCH,64361,2026-06-04T22:41:00.000,47,7,145,30218,30223,1580,,0,1,first_touch,SHORT,1.07483,0.562879,1,54.82,5,1,,0,0,
289,ZONE_CREATED,64370,2026-06-04T22:50:00.000,47,7,146,30215,30220,1980,1470,60,0,OFF_PRICE,SHORT,1.346939,0.819876,1,73.45,2,2,,0,0,
290,FIRST_TOUCH,64372,2026-06-04T22:52:00.000,47,7,146,30215,30220,1980,,0,1,first_touch,SHORT,1.346939,0.819876,1,73.45,2,2,,0,0,
291,ZONE_INVALIDATED,64373,2026-06-04T22:53:00.000,47,7,146,30215,30220,1980,,0,2,close_through_up,SHORT,1.346939,0.819876,1,73.45,2,2,64372,7,10,STOP
292,ZONE_INVALIDATED,64374,2026-06-04T22:54:00.000,47,7,145,30218,30223,1580,,0,12,close_through_up,SHORT,1.07483,0.562879,1,54.82,5,1,64361,10,10,STOP
293,AT_PRICE_CREATED,64690,2026-06-05T04:10:00.000,47,18,147,30199,30207,2383,2374,60,0,AT_PRICE,NEUTRAL,1.003791,0.685953,1,43.6,0,1,,0,0,
294,AT_PRICE_CREATED,64820,2026-06-05T06:20:00.000,47,22,148,30277,30296,7147,2491,60,0,AT_PRICE,NEUTRAL,2.869129,0.637783,0.95,77.58,0,1,,0,0,
295,ZONE_CREATED,64830,2026-06-05T06:30:00.000,47,22,149,30270,30278,2730,2491,60,0,OFF_PRICE,SHORT,1.095945,0.841813,1,59.63,5,2,,0,0,
296,FIRST_TOUCH,64835,2026-06-05T06:35:00.000,47,22,149,30270,30278,2730,,0,1,first_touch,SHORT,1.095945,0.841813,1,59.63,5,2,,0,0,
297,ZONE_INVALIDATED,64872,2026-06-05T07:12:00.000,47,22,149,30270,30278,2730,,0,27,close_through_up,SHORT,1.095945,0.841813,1,59.63,5,2,64835,13,3,TARGET
298,AT_PRICE_CREATED,65020,2026-06-05T09:40:00.000,47,29,150,30197,30224,10530,9755,60,0,AT_PRICE,NEUTRAL,1.079446,0.645854,0.964286,48.36,0,1,,0,0,
299,FIRST_TOUCH,65082,2026-06-05T10:42:00.000,47,27,143,30126,30136,3331,,0,1,first_touch,LONG,1.04224,0.551764,0.909091,63.26,14,2,,0,0,
300,ZONE_INVALIDATED,65084,2026-06-05T10:44:00.000,47,27,143,30126,30136,3331,,0,3,close_through_down,LONG,1.04224,0.551764,0.909091,63.26,14,2,65082,25,3,TARGET
301,ZONE_CREATED,65100,2026-06-05T11:00:00.000,47,31,151,30074,30099,50040,32595,60,0,OFF_PRICE,SHORT,1.535205,0.754023,0.961538,92.76,29,1,,0,0,
302,FIRST_TOUCH,65103,2026-06-05T11:03:00.000,47,31,151,30074,30099,50040,,0,1,first_touch,SHORT,1.535205,0.754023,0.961538,92.76,29,1,,0,0,
303,ZONE_INVALIDATED,65111,2026-06-05T11:11:00.000,47,31,151,30074,30099,50040,,0,5,close_through_up,SHORT,1.535205,0.754023,0.961538,92.76,29,1,65103,37,7,TARGET
304,AT_PRICE_CREATED,65190,2026-06-05T12:30:00.000,47,34,152,30012,30030,28021,27030,60,0,AT_PRICE,NEUTRAL,1.036663,0.752646,0.947368,45.11,0,1,,0,0,
305,ZONE_CREATED,65270,2026-06-05T13:50:00.000,47,37,153,29812,29836,30413,16480,60,0,OFF_PRICE,LONG,1.845449,0.595563,0.92,83.38,5,1,,0,0,
306,FIRST_TOUCH,65271,2026-06-05T13:51:00.000,47,37,153,29812,29836,30413,,0,1,first_touch,LONG,1.845449,0.595563,0.92,83.38,5,1,,0,0,
307,ZONE_INVALIDATED,65297,2026-06-05T14:17:00.000,47,37,153,29812,29836,30413,,0,15,close_through_down,LONG,1.845449,0.595563,0.92,83.38,5,1,65271,11,8,STOP
308,AT_PRICE_CREATED,65310,2026-06-05T14:30:00.000,47,38,154,29848,29861,19851,17804,57,0,AT_PRICE,NEUTRAL,1.114974,0.651258,1,54.71,0,2,,0,0,
309,AT_PRICE_CREATED,65330,2026-06-05T14:50:00.000,47,39,155,29855,29868,17581,12412,57,0,AT_PRICE,NEUTRAL,1.416452,0.518079,1,79.15,0,3,,0,0,
310,FIRST_TOUCH,65356,2026-06-05T15:16:00.000,47,41,109,29760,29774,21148,,0,1,first_touch,LONG,1.392782,0.344649,1,85.83,17,1,,0,0,
311,ZONE_INVALIDATED,65356,2026-06-05T15:16:00.000,47,41,109,29760,29774,21148,,0,1,close_through_down,LONG,1.392782,0.344649,1,85.83,17,1,65356,11,20,STOP
312,AT_PRICE_CREATED,65360,2026-06-05T15:20:00.000,47,40,156,29754,29767,14662,14575,57,0,AT_PRICE,NEUTRAL,1.005969,0.361552,0.928571,42.68,0,1,,0,0,
313,AT_PRICE_CREATED,65400,2026-06-05T16:00:00.000,47,41,157,29658,29669,23673,15184,57,0,AT_PRICE,NEUTRAL,1.559075,0.430019,1,78.33,0,1,,0,0,
314,AT_PRICE_CREATED,65420,2026-06-05T16:20:00.000,47,42,158,29546,29560,22217,15002,57,0,AT_PRICE,NEUTRAL,1.480936,0.375452,1,77,0,1,,0,0,
315,ZONE_CREATED,65470,2026-06-05T17:10:00.000,47,44,159,29593,29602,26597,15641,57,0,OFF_PRICE,SHORT,1.700467,0.324841,1,93.33,92,1,,0,0,
316,ZONE_CREATED,65480,2026-06-05T17:20:00.000,47,44,160,29461,29476,17722,15641,57,0,OFF_PRICE,SHORT,1.133048,0.62931,1,65.15,10,1,,0,0,
317,FIRST_TOUCH,65481,2026-06-05T17:21:00.000,47,44,160,29461,29476,17722,,0,1,first_touch,SHORT,1.133048,0.62931,1,65.15,10,1,,0,0,
318,ZONE_INVALIDATED,65489,2026-06-05T17:29:00.000,47,44,160,29461,29476,17722,,0,9,close_through_up,SHORT,1.133048,0.62931,1,65.15,10,1,65481,10,8,STOP
319,AT_PRICE_CREATED,65500,2026-06-05T17:40:00.000,47,45,161,29446,29460,5632,3777,57,0,AT_PRICE,NEUTRAL,1.491131,0.85127,1,81.05,0,2,,0,0,
320,ZONE_CREATED,65530,2026-06-07T19:10:00.000,48,0,162,29459,29474,4504,3173,60,0,OFF_PRICE,LONG,1.419477,0.40279,0.9375,79.68,1,3,,0,0,
321,FIRST_TOUCH,65531,2026-06-07T19:11:00.000,48,0,162,29459,29474,4504,,0,1,first_touch,LONG,1.419477,0.40279,0.9375,79.68,1,3,,0,0,
322,ZONE_CREATED,65580,2026-06-07T20:00:00.000,48,1,163,29473,29490,2082,1026,60,0,OFF_PRICE,SHORT,2.02924,0.272727,0.833333,83.75,1,4,,0,0,
323,FIRST_TOUCH,65581,2026-06-07T20:01:00.000,48,1,163,29473,29490,2082,,0,1,first_touch,SHORT,2.02924,0.272727,0.833333,83.75,1,4,,0,0,
324,ZONE_INVALIDATED,65581,2026-06-07T20:01:00.000,48,1,163,29473,29490,2082,,0,1,close_through_up,SHORT,2.02924,0.272727,0.833333,83.75,1,4,65581,1,28,STOP
325,FIRST_TOUCH,65628,2026-06-07T20:48:00.000,48,44,159,29593,29602,26597,,0,1,first_touch,SHORT,1.700467,0.324841,1,93.33,92,1,,0,0,
326,ZONE_INVALIDATED,65638,2026-06-07T20:58:00.000,48,44,159,29593,29602,26597,,0,9,close_through_up,SHORT,1.700467,0.324841,1,93.33,92,1,65628,11,13,STOP
327,ZONE_CREATED,65730,2026-06-07T22:30:00.000,48,6,164,29590,29604,2562,2220,60,0,OFF_PRICE,SHORT,1.154054,0.414362,0.8,66.12,18,1,,0,0,
328,FIRST_TOUCH,65732,2026-06-07T22:32:00.000,48,6,164,29590,29604,2562,,0,1,first_touch,SHORT,1.154054,0.414362,0.8,66.12,18,1,,0,0,
329,AT_PRICE_CREATED,65740,2026-06-07T22:40:00.000,48,7,165,29580,29596,3672,1980,60,0,AT_PRICE,NEUTRAL,1.854545,0.402985,0.941176,80.78,0,2,,0,0,
330,ZONE_INVALIDATED,65743,2026-06-07T22:43:00.000,48,6,164,29590,29604,2562,,0,9,close_through_up,SHORT,1.154054,0.414362,0.8,66.12,18,1,65732,52,29,AMBIGUOUS
331,ZONE_CREATED,66090,2026-06-08T04:30:00.000,48,18,166,29684,29690,3122,2383,60,0,OFF_PRICE,SHORT,1.310113,0.429791,1,66.29,1,1,,0,0,
332,FIRST_TOUCH,66091,2026-06-08T04:31:00.000,48,18,166,29684,29690,3122,,0,1,first_touch,SHORT,1.310113,0.429791,1,66.29,1,1,,0,0,
333,AT_PRICE_CREATED,66100,2026-06-08T04:40:00.000,48,19,167,29681,29689,2953,2113,60,0,AT_PRICE,NEUTRAL,1.397539,0.577886,1,74.49,0,2,,0,0,
334,ZONE_INVALIDATED,66101,2026-06-08T04:41:00.000,48,18,166,29684,29690,3122,,0,10,close_through_up,SHORT,1.310113,0.429791,1,66.29,1,1,66091,6,11,STOP
335,ZONE_CREATED,66180,2026-06-08T06:00:00.000,48,21,168,29645,29651,2656,1981,60,0,OFF_PRICE,LONG,1.340737,0.569835,1,78.85,4,3,,0,0,
336,FIRST_TOUCH,66187,2026-06-08T06:07:00.000,48,21,168,29645,29651,2656,,0,1,first_touch,LONG,1.340737,0.569835,1,78.85,4,3,,0,0,
337,ZONE_INVALIDATED,66189,2026-06-08T06:09:00.000,48,21,168,29645,29651,2656,,0,3,close_through_down,LONG,1.340737,0.569835,1,78.85,4,3,66187,7,9,STOP
338,AT_PRICE_CREATED,66280,2026-06-08T07:40:00.000,48,25,169,29712,29730,4959,3095,60,0,AT_PRICE,NEUTRAL,1.602262,0.545965,0.894737,83.42,0,3,,0,0,
339,AT_PRICE_CREATED,66390,2026-06-08T09:30:00.000,48,28,170,29825,29833,4332,4108,60,0,AT_PRICE,NEUTRAL,1.054528,0.707843,0.888889,45.48,0,1,,0,0,
