cell,contracts_computable,equal_contract_mean_delta,min_contract_delta,max_contract_delta,negative_contracts,positive_contracts,common_six_contract_plot_cell
4_250_20,6,-0.09485180052267655,-0.14261155067709122,-0.043485727544472455,6,0,True
4_250_30,6,-0.06872753349014486,-0.16511813741289197,0.004706682031639226,5,1,True
4_250_45,6,-0.0857243430610961,-0.10469785079083965,-0.06202185928497171,6,0,True
4_500_20,6,-0.05611521557578849,-0.10345943194756396,-0.02245992490135817,6,0,True
4_500_30,6,-0.07047846892441116,-0.10540178003183351,-0.028817097086679254,6,0,True
4_500_45,6,-0.07181158959885255,-0.0910187703424287,-0.03807958376587725,6,0,True
4_1000_20,6,-0.035806236059099904,-0.09633349362985309,-0.00013215905456800384,6,0,True
4_1000_30,6,-0.05398177685761957,-0.06980273244458801,-0.02886621596960864,6,0,True
4_1000_45,6,-0.0641020437724122,-0.0799790136138407,-0.030552728816557375,6,0,True
5_250_20,6,-0.15033546666557016,-0.18462599199558213,-0.11835036889264433,6,0,True
5_250_30,6,-0.09994293351862656,-0.1758482585081763,-0.0388188129671731,6,0,True
5_250_45,6,-0.08964118113884335,-0.1450363376757021,-0.020825102861864273,6,0,True
5_500_20,6,-0.08244244986990415,-0.13588752323253836,-0.040060678663361535,6,0,True
5_500_30,6,-0.06151034264948161,-0.08635166431809722,-0.03570574773907059,6,0,True
5_500_45,6,-0.07231809093456192,-0.10243792690603457,-0.04674161814912313,6,0,True
5_1000_20,6,-0.06853130434217221,-0.14542436812787207,-0.01943801520770088,6,0,True
5_1000_30,6,-0.04472435989682483,-0.06124932411102776,-0.024200412304133445,6,0,True
5_1000_45,6,-0.067527642008107,-0.08598795859752777,-0.054955056130080296,6,0,True
6_250_20,5,-0.16004596631733428,-0.599631071490469,0.061393418577915304,4,1,False
6_250_30,6,-0.11178040192033405,-0.2213871362838087,0.07568298786476617,5,1,True
6_250_45,6,-0.10392483498100213,-0.15165766297126562,0.009917084767194273,5,1,True
6_500_20,6,-0.06244232266801119,-0.11766988226623512,-0.020734316081408934,6,0,True
6_500_30,6,-0.050835699119127276,-0.12797212367080182,0.011834671105097548,5,1,True
6_500_45,6,-0.07881652710087445,-0.1196316480004302,-0.05182741335043538,6,0,True
6_1000_20,6,-0.06126677843390129,-0.12813833198287458,0.012403679814754643,5,1,True
6_1000_30,6,-0.04850788975724101,-0.1093719574824753,0.0011509839292189795,5,1,True
6_1000_45,6,-0.05396551495891663,-0.07512251596666839,-0.012195486137764264,6,0,True
8_250_20,0,,,,0,0,False
8_250_30,1,-0.15917122841097195,-0.15917122841097195,-0.15917122841097195,1,0,False
8_250_45,5,-0.029756337572991613,-0.3283980622664187,0.3535932774013243,3,2,False
8_500_20,2,-0.15316549028340976,-0.2870262036379514,-0.019304776928868103,2,0,False
8_500_30,6,-0.07326371477784394,-0.3472113165663128,0.2701554228593562,4,2,True
8_500_45,6,-0.022620486321572875,-0.06796318614528465,0.029944213308204903,5,1,True
8_1000_20,6,-0.07418739688347123,-0.3379027047714525,0.18252847915497913,4,2,True
8_1000_30,6,0.028198695602974024,-0.04410550157342655,0.07066019712747974,2,4,True
8_1000_45,6,-0.025116916742800453,-0.10522552964286461,0.06057798477422708,5,1,True
