contract,cell,session_cell_groups,supported_sessions,unsupported_sessions,delta_equal_session_mean,median_session_delta,negative_session_count,positive_session_count
MNQ_09-25,4_250_20,29,26,3,-0.12322961139645591,-0.09886701834933581,19,7
MNQ_09-25,4_250_30,29,28,1,-0.06689484665530411,-0.03465951366471255,18,10
MNQ_09-25,4_250_45,29,28,1,-0.08083551229075761,-0.09959565512487914,21,7
MNQ_09-25,4_500_20,29,29,0,-0.0450305369530229,-0.07825443859255628,23,6
MNQ_09-25,4_500_30,29,29,0,-0.028817097086679254,-0.04139799432871188,23,6
MNQ_09-25,4_500_45,29,29,0,-0.03807958376587725,-0.07089352945947418,23,6
MNQ_09-25,4_1000_20,29,29,0,-0.00013215905456800384,-0.03728395695523931,20,9
MNQ_09-25,4_1000_30,29,29,0,-0.02886621596960864,-0.07965189481419363,24,5
MNQ_09-25,4_1000_45,29,29,0,-0.030552728816557375,-0.060336914939056394,27,2
MNQ_09-25,5_250_20,29,15,14,-0.1548821387935112,-0.22878009273146088,11,4
MNQ_09-25,5_250_30,29,24,5,-0.11864973197046635,-0.1210762029287241,18,6
MNQ_09-25,5_250_45,29,26,3,-0.06364806783198948,-0.06775156202356103,17,9
MNQ_09-25,5_500_20,29,23,6,-0.040060678663361535,-0.04069943059546678,15,8
MNQ_09-25,5_500_30,29,28,1,-0.08635166431809722,-0.07445966273052897,24,4
MNQ_09-25,5_500_45,29,28,1,-0.057731905350416106,-0.050611712476133705,19,9
MNQ_09-25,5_1000_20,29,28,1,-0.0327792455170782,-0.049060543155609725,19,9
MNQ_09-25,5_1000_30,29,28,1,-0.04973727233141177,-0.06615339216606272,19,9
MNQ_09-25,5_1000_45,29,28,1,-0.0633344655019585,-0.05733220706003232,26,2
MNQ_09-25,6_250_20,7,1,6,-0.08847438270645408,-0.08847438270645408,1,0
MNQ_09-25,6_250_30,28,13,15,0.07568298786476617,0.1553357953382398,5,8
MNQ_09-25,6_250_45,29,20,9,-0.10094699829480402,-0.07497407454710156,12,8
MNQ_09-25,6_500_20,28,10,18,-0.11766988226623512,-0.04226537579358265,7,3
MNQ_09-25,6_500_30,29,21,8,-0.04537902679695257,-0.06548779062381148,12,9
MNQ_09-25,6_500_45,29,27,2,-0.06930926681651936,-0.05288689821333885,19,8
MNQ_09-25,6_1000_20,29,20,9,0.012403679814754643,-0.005476854859491093,10,10
MNQ_09-25,6_1000_30,29,28,1,-0.1093719574824753,-0.0621821880456149,24,4
MNQ_09-25,6_1000_45,29,28,1,-0.057415201433630006,-0.07990847358147504,20,8
MNQ_09-25,8_250_20,0,0,0,,,0,0
MNQ_09-25,8_250_30,0,0,0,,,0,0
MNQ_09-25,8_250_45,12,1,11,0.0448060793448436,0.0448060793448436,0,1
MNQ_09-25,8_500_20,0,0,0,,,0,0
MNQ_09-25,8_500_30,23,6,17,-0.062120612209911774,-0.09309697537378833,4,2
MNQ_09-25,8_500_45,27,15,12,-0.025520575235464558,-0.03545191648912975,9,6
MNQ_09-25,8_1000_20,23,6,17,-0.3379027047714525,-0.3350639722137988,4,2
MNQ_09-25,8_1000_30,29,18,11,0.0578758893538655,0.0377214049177648,9,9
MNQ_09-25,8_1000_45,29,26,3,-0.006187627740824101,0.0310361913181251,12,14
MNQ_12-25,4_250_20,62,49,13,-0.043485727544472455,-0.0075900514387208795,28,21
MNQ_12-25,4_250_30,62,58,4,-0.034182003704280726,-0.040957882502694505,38,20
MNQ_12-25,4_250_45,62,61,1,-0.08839852555939283,-0.06729011654374295,41,20
MNQ_12-25,4_500_20,62,58,4,-0.057055124062449884,-0.034010321249535895,37,21
MNQ_12-25,4_500_30,62,60,2,-0.06990312562518831,-0.06967304417301345,43,17
MNQ_12-25,4_500_45,62,62,0,-0.0750055642855391,-0.07521220753270902,46,16
MNQ_12-25,4_1000_20,62,60,2,-0.049197832089549046,-0.04624220705444353,40,20
MNQ_12-25,4_1000_30,62,62,0,-0.0599155864464769,-0.04510273981793812,45,17
MNQ_12-25,4_1000_45,62,62,0,-0.06968126249761694,-0.07727753565899557,55,7
MNQ_12-25,5_250_20,58,22,36,-0.12815721079763825,-0.16510139373347682,12,10
MNQ_12-25,5_250_30,61,44,17,-0.0388188129671731,-0.06778362239224961,28,16
MNQ_12-25,5_250_45,62,52,10,-0.020825102861864273,-0.036638276533689035,28,24
MNQ_12-25,5_500_20,62,38,24,-0.05831602917179182,-0.051661015510348504,23,15
MNQ_12-25,5_500_30,62,56,6,-0.049726244111004354,-0.04729544955923018,33,23
MNQ_12-25,5_500_45,62,61,1,-0.08409196418377633,-0.059440660225189235,48,13
MNQ_12-25,5_1000_20,62,54,8,-0.05288687419646191,-0.06516920188740458,36,18
MNQ_12-25,5_1000_30,62,59,3,-0.04227990691996125,-0.05181998737484713,39,20
MNQ_12-25,5_1000_45,62,62,0,-0.07188639921359413,-0.07609755831774766,47,15
MNQ_12-25,6_250_20,34,2,32,-0.09081121527601405,-0.09081121527601405,1,1
MNQ_12-25,6_250_30,54,16,38,-0.03456703820340695,0.03188171744271574,7,9
MNQ_12-25,6_250_45,61,35,26,0.009917084767194273,-0.04642285146976721,19,16
MNQ_12-25,6_500_20,48,19,29,-0.05428157318678578,0.07609624053373906,8,11
MNQ_12-25,6_500_30,61,36,25,-0.05700682012254879,-0.05639130855856233,20,16
MNQ_12-25,6_500_45,62,52,10,-0.05182741335043538,-0.04782640800234021,32,20
MNQ_12-25,6_1000_20,61,39,22,-0.005538796665254284,0.04980157219531911,16,23
MNQ_12-25,6_1000_30,62,53,9,-0.07163186091678747,-0.04806991697019361,34,19
MNQ_12-25,6_1000_45,62,58,4,-0.07512251596666839,-0.07416021594298434,41,17
MNQ_12-25,8_250_20,6,0,6,,,0,0
MNQ_12-25,8_250_30,12,0,12,,,0,0
MNQ_12-25,8_250_45,20,2,18,-0.029537211241931413,-0.029537211241931413,1,1
MNQ_12-25,8_500_20,8,0,8,,,0,0
MNQ_12-25,8_500_30,34,8,26,-0.1297277578993765,-0.12425081805381866,4,4
MNQ_12-25,8_500_45,59,25,34,-0.0124393522556241,-0.024385302895719926,14,11
MNQ_12-25,8_1000_20,24,3,21,-0.3199366578923453,-0.27093110837007284,3,0
MNQ_12-25,8_1000_30,62,26,36,-0.04410550157342655,-0.10678962393276087,16,10
MNQ_12-25,8_1000_45,62,47,15,-0.02815174739789929,-0.022678471602626288,27,20
MNQ_03-26,4_250_20,57,46,11,-0.14261155067709122,-0.1080814458214889,33,13
MNQ_03-26,4_250_30,57,53,4,-0.09971059604108323,-0.09284313804045907,38,15
MNQ_03-26,4_250_45,57,57,0,-0.10469785079083965,-0.12242285404598921,46,11
MNQ_03-26,4_500_20,57,54,3,-0.10345943194756396,-0.10521670424325714,36,18
MNQ_03-26,4_500_30,57,56,1,-0.08895784939938776,-0.10197762047341447,45,11
MNQ_03-26,4_500_45,57,57,0,-0.0910187703424287,-0.08879823409056169,49,8
MNQ_03-26,4_1000_20,57,55,2,-0.09633349362985309,-0.11277073063780285,43,12
MNQ_03-26,4_1000_30,57,56,1,-0.06980273244458801,-0.06817348102577117,47,9
MNQ_03-26,4_1000_45,57,57,0,-0.07775046902253314,-0.07515823841959068,52,5
MNQ_03-26,5_250_20,54,17,37,-0.11835036889264433,-0.08565515005504241,11,6
MNQ_03-26,5_250_30,57,39,18,-0.08143250831018205,-0.08067957693504557,25,14
MNQ_03-26,5_250_45,57,50,7,-0.11196127122022217,-0.1173176071383228,38,12
MNQ_03-26,5_500_20,56,35,21,-0.13588752323253836,-0.1779116286447328,23,12
MNQ_03-26,5_500_30,57,53,4,-0.05429864408975308,-0.08065085708610051,32,21
MNQ_03-26,5_500_45,57,56,1,-0.07783794516843476,-0.07676850301223286,41,15
MNQ_03-26,5_1000_20,57,50,7,-0.14542436812787207,-0.15414118691405013,38,12
MNQ_03-26,5_1000_30,57,55,2,-0.06124932411102776,-0.0700799504674151,40,15
MNQ_03-26,5_1000_45,57,56,1,-0.08598795859752777,-0.07764583222677254,45,11
MNQ_03-26,6_250_20,11,1,10,-0.599631071490469,-0.599631071490469,1,0
MNQ_03-26,6_250_30,48,13,35,-0.2213871362838087,-0.1611132229624424,9,4
MNQ_03-26,6_250_45,56,33,23,-0.1299680124876214,-0.1381883558672465,25,8
MNQ_03-26,6_500_20,36,8,28,-0.020734316081408934,0.02013265315573848,4,4
MNQ_03-26,6_500_30,57,31,26,-0.07757709186814904,-0.11896067474744593,18,13
MNQ_03-26,6_500_45,57,51,6,-0.06351263816781848,-0.05576126829145436,31,20
MNQ_03-26,6_1000_20,55,25,30,-0.06340878555088984,-0.13336124285158477,16,9
MNQ_03-26,6_1000_30,57,49,8,-0.03522406882048089,-0.044129957350324496,28,21
MNQ_03-26,6_1000_45,57,56,1,-0.06786817606053124,-0.08731751336805414,38,18
MNQ_03-26,8_250_20,0,0,0,,,0,0
MNQ_03-26,8_250_30,0,0,0,,,0,0
MNQ_03-26,8_250_45,3,1,2,0.3535932774013243,0.3535932774013243,0,1
MNQ_03-26,8_500_20,2,0,2,,,0,0
MNQ_03-26,8_500_30,19,2,17,0.2701554228593562,0.2701554228593562,0,2
MNQ_03-26,8_500_45,43,14,29,0.029944213308204903,0.17639442956738322,5,9
MNQ_03-26,8_1000_20,38,5,33,-0.04971417504271457,0.2198407696815182,2,3
MNQ_03-26,8_1000_30,56,24,32,0.03879080484706274,-0.06677996899851113,14,10
MNQ_03-26,8_1000_45,57,43,14,-0.06424659269490716,-0.08986224630905323,29,14
MNQ_06-26,4_250_20,57,43,14,-0.049728459384111585,-0.03440731888800174,25,18
MNQ_06-26,4_250_30,57,54,3,-0.05116629915894835,-0.07498793514646007,40,14
MNQ_06-26,4_250_45,57,57,0,-0.07767903784811109,-0.07588309364220053,44,13
MNQ_06-26,4_500_20,57,53,4,-0.02245992490135817,-0.04617710524363127,33,20
MNQ_06-26,4_500_30,57,57,0,-0.0795099907471459,-0.07055973471108971,41,16
MNQ_06-26,4_500_45,57,57,0,-0.07859875098876752,-0.07623137457728132,47,10
MNQ_06-26,4_1000_20,57,56,1,-0.0036464635977650215,-0.03219951606231961,31,25
MNQ_06-26,4_1000_30,57,57,0,-0.057560394893558534,-0.0478460065519135,43,14
MNQ_06-26,4_1000_45,57,57,0,-0.07481617415014062,-0.06560525299537182,47,10
MNQ_06-26,5_250_20,52,19,33,-0.16500813423813399,-0.08250682520992625,12,7
MNQ_06-26,5_250_30,57,37,20,-0.10024172012851196,-0.08815006686343439,24,13
MNQ_06-26,5_250_45,57,49,8,-0.09503983831387214,-0.0740152357148838,34,15
MNQ_06-26,5_500_20,57,35,22,-0.12918052903459723,-0.1038938622304112,22,13
MNQ_06-26,5_500_30,57,48,9,-0.06560486648873311,-0.046912651955763204,35,13
MNQ_06-26,5_500_45,57,53,4,-0.06506718584958661,-0.07764012141321372,38,15
MNQ_06-26,5_1000_20,57,49,8,-0.08315109121627486,-0.07097494440282727,32,17
MNQ_06-26,5_1000_30,57,55,2,-0.03501589640670932,-0.05213427583555715,36,19
MNQ_06-26,5_1000_45,57,57,0,-0.05664884393705521,-0.06833261178276592,39,18
MNQ_06-26,6_250_20,22,2,20,0.061393418577915304,0.061393418577915304,1,1
MNQ_06-26,6_250_30,52,13,39,-0.11686835764898092,-0.10950744484980915,7,6
MNQ_06-26,6_250_45,57,32,25,-0.15165766297126562,-0.13745925775938145,24,8
MNQ_06-26,6_500_20,45,17,28,-0.022515359517589505,-0.009598154487860115,9,8
MNQ_06-26,6_500_30,56,35,21,-0.12797212367080182,-0.09825476027103146,27,8
MNQ_06-26,6_500_45,57,49,8,-0.06645946203584484,-0.0581849482200716,32,17
MNQ_06-26,6_1000_20,57,31,26,-0.10277741346131938,-0.14851667454773437,22,9
MNQ_06-26,6_1000_30,57,50,7,0.0011509839292189795,-0.020203023196448823,27,23
MNQ_06-26,6_1000_45,57,55,2,-0.04386194142302357,-0.05064254502584108,37,18
MNQ_06-26,8_250_20,0,0,0,,,0,0
MNQ_06-26,8_250_30,0,0,0,,,0,0
MNQ_06-26,8_250_45,17,0,17,,,0,0
MNQ_06-26,8_500_20,0,0,0,,,0,0
MNQ_06-26,8_500_30,28,5,23,-0.20637687517609388,-0.054549836143565456,5,0
MNQ_06-26,8_500_45,47,20,27,-0.05229689051096849,-0.12200747520577901,14,6
MNQ_06-26,8_1000_20,24,3,21,0.18252847915497913,0.42141021105946785,1,2
MNQ_06-26,8_1000_30,54,20,34,0.05930904477148744,-0.039759610221283284,11,9
MNQ_06-26,8_1000_45,57,40,17,0.06057798477422708,-0.02008271194460566,21,19
MNQ_09-26,4_250_20,46,39,7,-0.10740067058689598,-0.07107156477411278,22,17
MNQ_09-26,4_250_30,46,45,1,-0.16511813741289197,-0.15068809693729046,38,7
MNQ_09-26,4_250_45,46,45,1,-0.10071327259250366,-0.09308193372908477,42,3
MNQ_09-26,4_500_20,46,45,1,-0.06592812039154704,-0.052613055957470636,31,14
MNQ_09-26,4_500_30,46,46,0,-0.10540178003183351,-0.09553359611257131,41,5
MNQ_09-26,4_500_45,46,46,0,-0.07887091318879033,-0.0806333149635575,43,3
MNQ_09-26,4_1000_20,46,45,1,-0.06099431216372948,-0.04726245964392171,30,15
MNQ_09-26,4_1000_30,46,46,0,-0.06421865188735644,-0.07440865355663306,39,7
MNQ_09-26,4_1000_45,46,46,0,-0.0799790136138407,-0.07616455993997562,43,3
MNQ_09-26,5_250_20,46,18,28,-0.15098895527591089,-0.1341962811655928,13,5
MNQ_09-26,5_250_30,46,41,5,-0.1758482585081763,-0.14203355504522797,33,8
MNQ_09-26,5_250_45,46,44,2,-0.1450363376757021,-0.09277712453083581,32,12
MNQ_09-26,5_500_20,46,31,15,-0.04031544009225686,-0.0868054123501513,19,12
MNQ_09-26,5_500_30,46,44,2,-0.07737488915023133,-0.06678477126482964,29,15
MNQ_09-26,5_500_45,46,44,2,-0.10243792690603457,-0.11036417818079158,39,5
MNQ_09-26,5_1000_20,46,40,6,-0.01943801520770088,-0.01870821949290602,22,18
MNQ_09-26,5_1000_30,46,45,1,-0.05586334730770545,-0.06821177354819927,28,17
MNQ_09-26,5_1000_45,46,46,0,-0.07235312866842607,-0.07757069168179996,39,7
MNQ_09-26,6_250_20,15,0,15,,,0,0
MNQ_09-26,6_250_30,46,20,26,-0.21233887725575284,-0.23518629091812515,15,5
MNQ_09-26,6_250_45,46,36,10,-0.11270827714752302,-0.02960380231426548,22,14
MNQ_09-26,6_500_20,44,16,28,-0.11317259338195343,-0.14115157264995598,12,4
MNQ_09-26,6_500_30,46,36,10,-0.008913803361408972,-0.04447792561098447,20,16
MNQ_09-26,6_500_45,46,41,5,-0.1196316480004302,-0.09383447208638761,30,11
MNQ_09-26,6_1000_20,46,27,19,-0.08014102275782424,-0.06825382149924336,15,12
MNQ_09-26,6_1000_30,46,44,2,-0.04785349126013286,-0.05970755897544511,30,14
MNQ_09-26,6_1000_45,46,45,1,-0.06732976873188228,-0.050451743330241765,33,12
MNQ_09-26,8_250_20,0,0,0,,,0,0
MNQ_09-26,8_250_30,0,0,0,,,0,0
MNQ_09-26,8_250_45,28,3,25,-0.18924577110277582,-0.02071120741624949,2,1
MNQ_09-26,8_500_20,8,1,7,-0.2870262036379514,-0.2870262036379514,1,0
MNQ_09-26,8_500_30,31,9,22,-0.3472113165663128,-0.3022288630314188,9,0
MNQ_09-26,8_500_45,46,26,20,-0.06796318614528465,-0.07191314880865048,17,9
MNQ_09-26,8_1000_20,39,11,28,-0.043888327593015655,-0.05864369289535093,7,4
MNQ_09-26,8_1000_30,46,26,20,-0.01333826090862473,-0.07520464693097077,15,11
MNQ_09-26,8_1000_45,46,39,7,-0.10522552964286461,-0.08139459347059955,27,12
MNQ_12-26,4_250_20,10,9,1,-0.10265478354703213,-0.07104018945001711,6,3
MNQ_12-26,4_250_30,10,10,0,0.004706682031639226,0.023684225707398792,3,7
MNQ_12-26,4_250_45,10,10,0,-0.06202185928497171,-0.04872415830401618,8,2
MNQ_12-26,4_500_20,10,10,0,-0.042758155198788964,-0.04211592807397324,7,3
MNQ_12-26,4_500_30,10,10,0,-0.050280970656232195,-0.03333891766171482,6,4
MNQ_12-26,4_500_45,10,10,0,-0.06929595502171236,-0.08152092164103844,9,1
MNQ_12-26,4_1000_20,10,10,0,-0.004533155819134808,-0.0003271523829279279,5,5
MNQ_12-26,4_1000_30,10,10,0,-0.043527079504128936,-0.03764024608442044,7,3
MNQ_12-26,4_1000_45,10,10,0,-0.05183261453378444,-0.0730528531233443,9,1
MNQ_12-26,5_250_20,10,3,7,-0.18462599199558213,-0.15497722339922784,2,1
MNQ_12-26,5_250_30,10,8,2,-0.08466656922724955,-0.02031570324341337,4,4
MNQ_12-26,5_250_45,10,10,0,-0.10133646892940995,-0.11019495965532382,8,2
MNQ_12-26,5_500_20,10,9,1,-0.09089449902487907,-0.045217872631104966,5,4
MNQ_12-26,5_500_30,10,10,0,-0.03570574773907059,-0.049013610811424725,6,4
MNQ_12-26,5_500_45,10,10,0,-0.04674161814912313,-0.057534645077237934,8,2
MNQ_12-26,5_1000_20,10,10,0,-0.0775082317876454,-0.09749325653010137,7,3
MNQ_12-26,5_1000_30,10,10,0,-0.024200412304133445,-0.014108063025220134,6,4
MNQ_12-26,5_1000_45,10,10,0,-0.054955056130080296,-0.06286877921019582,8,2
MNQ_12-26,6_250_20,9,3,6,-0.08270658069164964,-0.054441947718139955,2,1
MNQ_12-26,6_250_30,10,5,5,-0.16120398999482097,-0.035725934310623444,3,2
MNQ_12-26,6_250_45,10,7,3,-0.138185143751993,-0.14571353188722158,5,2
MNQ_12-26,6_500_20,10,5,5,-0.04628021157409434,-0.0023249766768004,3,2
MNQ_12-26,6_500_30,10,9,1,0.011834671105097548,0.039698463613401166,4,5
MNQ_12-26,6_500_45,10,10,0,-0.10215873423419838,-0.09360128920021366,9,1
MNQ_12-26,6_1000_20,10,9,1,-0.12813833198287458,-0.08128482268744631,8,1
MNQ_12-26,6_1000_30,10,10,0,-0.028116943992788457,-0.027855449448796747,6,4
MNQ_12-26,6_1000_45,10,10,0,-0.012195486137764264,-0.021655530744067467,5,5
MNQ_12-26,8_250_20,0,0,0,,,0,0
MNQ_12-26,8_250_30,7,1,6,-0.15917122841097195,-0.15917122841097195,1,0
MNQ_12-26,8_250_45,8,3,5,-0.3283980622664187,0.14493614172100155,1,2
MNQ_12-26,8_500_20,9,2,7,-0.019304776928868103,-0.019304776928868103,1,1
MNQ_12-26,8_500_30,10,3,7,0.03569885032527518,-0.09707020531632393,2,1
MNQ_12-26,8_500_45,10,8,2,-0.0074471270903003345,-0.00015808489905771647,4,4
MNQ_12-26,8_1000_20,10,3,7,0.12378900484372152,0.18584039511916317,1,2
MNQ_12-26,8_1000_30,10,7,3,0.07066019712747974,0.14884948725660835,3,4
MNQ_12-26,8_1000_45,10,9,1,-0.007467987754534629,0.03927597678315259,4,5
