day,strategy,status
2026-07-01,IB_VWAP,no_signal
2026-07-01,PMH_PML,trade
2026-07-02,IB_VWAP,no_signal
2026-07-02,PMH_PML,no_signal
2026-07-06,IB_VWAP,no_signal
2026-07-06,PMH_PML,trade
2026-07-07,IB_VWAP,no_signal
2026-07-07,PMH_PML,no_signal
2026-07-08,IB_VWAP,no_signal
2026-07-08,PMH_PML,trade
2026-07-09,IB_VWAP,no_signal
2026-07-09,PMH_PML,trade
2026-07-10,IB_VWAP,no_signal
2026-07-10,PMH_PML,both_directions_same_bar
2026-07-13,IB_VWAP,no_signal
2026-07-13,PMH_PML,trade
2026-07-14,IB_VWAP,no_signal
2026-07-14,PMH_PML,no_signal
2026-07-15,IB_VWAP,trade
2026-07-15,PMH_PML,no_signal
2026-07-16,IB_VWAP,no_signal
2026-07-16,PMH_PML,trade
2026-07-17,IB_VWAP,no_signal
2026-07-17,PMH_PML,trade
2026-07-20,IB_VWAP,no_signal
2026-07-20,PMH_PML,trade
2026-07-21,IB_VWAP,no_signal
2026-07-21,PMH_PML,trade
2026-07-22,IB_VWAP,no_signal
2026-07-22,PMH_PML,no_signal
2026-07-23,IB_VWAP,trade
2026-07-23,PMH_PML,trade
2026-07-24,IB_VWAP,no_signal
2026-07-24,PMH_PML,trade
2026-07-27,IB_VWAP,no_signal
2026-07-27,PMH_PML,no_signal
2026-07-28,IB_VWAP,no_signal
2026-07-28,PMH_PML,trade
2026-07-29,IB_VWAP,no_signal
2026-07-29,PMH_PML,target_already_reached_at_entry
2026-07-30,IB_VWAP,no_signal
2026-07-30,PMH_PML,no_signal
2026-07-31,IB_VWAP,no_signal
2026-07-31,PMH_PML,trade
2026-08-03,IB_VWAP,no_signal
2026-08-03,PMH_PML,trade
2026-08-04,IB_VWAP,no_signal
2026-08-04,PMH_PML,no_signal
2026-08-05,IB_VWAP,no_signal
2026-08-05,PMH_PML,trade
2026-08-06,IB_VWAP,no_signal
2026-08-06,PMH_PML,trade
2026-08-07,IB_VWAP,no_signal
2026-08-07,PMH_PML,trade
2026-08-10,IB_VWAP,no_signal
2026-08-10,PMH_PML,trade
2026-08-11,IB_VWAP,no_signal
2026-08-11,PMH_PML,trade
2026-08-12,IB_VWAP,no_signal
2026-08-12,PMH_PML,no_signal
2026-08-13,IB_VWAP,no_signal
2026-08-13,PMH_PML,no_signal
2026-08-14,IB_VWAP,no_signal
2026-08-14,PMH_PML,no_signal
2026-08-17,IB_VWAP,no_signal
2026-08-17,PMH_PML,trade
2026-08-18,IB_VWAP,no_signal
2026-08-18,PMH_PML,no_signal
2026-08-19,IB_VWAP,no_signal
2026-08-19,PMH_PML,trade
2026-08-20,IB_VWAP,no_signal
2026-08-20,PMH_PML,trade
2026-08-21,IB_VWAP,no_signal
2026-08-21,PMH_PML,trade
2026-08-24,IB_VWAP,no_signal
2026-08-24,PMH_PML,trade
2026-08-25,IB_VWAP,no_signal
2026-08-25,PMH_PML,trade
2026-08-26,IB_VWAP,no_signal
2026-08-26,PMH_PML,trade
2026-08-27,IB_VWAP,no_signal
2026-08-27,PMH_PML,trade
2026-08-28,IB_VWAP,no_signal
2026-08-28,PMH_PML,trade
2026-08-31,IB_VWAP,no_signal
2026-08-31,PMH_PML,trade
2026-09-01,IB_VWAP,trade
2026-09-01,PMH_PML,trade
2026-09-02,IB_VWAP,no_signal
2026-09-02,PMH_PML,trade
2026-09-03,IB_VWAP,no_signal
2026-09-03,PMH_PML,trade
2026-09-04,IB_VWAP,trade
2026-09-04,PMH_PML,trade
2026-09-08,IB_VWAP,no_signal
2026-09-08,PMH_PML,trade
2026-09-09,IB_VWAP,no_signal
2026-09-09,PMH_PML,no_signal
2026-09-11,IB_VWAP,no_signal
2026-09-11,PMH_PML,no_signal
2026-09-14,IB_VWAP,no_signal
2026-09-14,PMH_PML,no_signal
2026-09-21,IB_VWAP,no_signal
2026-09-21,PMH_PML,no_signal
2026-09-22,IB_VWAP,no_signal
2026-09-22,PMH_PML,no_signal
2026-09-23,IB_VWAP,no_signal
2026-09-23,PMH_PML,no_signal
2026-09-24,IB_VWAP,trade
2026-09-24,PMH_PML,trade
2026-09-25,IB_VWAP,no_signal
2026-09-25,PMH_PML,trade
