direction,signal_ns,stop,target,signal_bin,premarket_high,premarket_low,entry_ns,exit_ns,entry_ticks,stop_ticks,target_ticks,exit_ticks,risk_ticks,gross_ticks,gross_R,R_2ticks,R_4ticks,exit_reason,strategy,day,contract
1,1782914400000000000,120446,121297.0,71,121741.0,120852.0,1782914400028000000,1782915130760000000,121120.0,120446.0,121297.0,121297.0,674.0,177.0,0.2626112759643917,0.2596439169139466,0.25667655786350146,target,PMH_PML,2026-07-01,NQ 09-26
-1,1783346700000000000,120037,119436.0,72,119752.0,119120.0,1783346700032000000,1783347097216000000,119717.0,120037.0,119436.0,120037.0,320.0,-320.0,-1.0,-1.00625,-1.0125,stop,PMH_PML,2026-07-06,NQ 09-26
-1,1783533000000000000,117832,116649.0,117,117659.0,115639.0,1783533000064000000,1783540490096000000,117417.0,117832.0,116649.0,117832.0,415.0,-415.0,-1.0,-1.0048192771084337,-1.0096385542168675,stop,PMH_PML,2026-07-08,NQ 09-26
-1,1783607100000000000,119726,118702.0,76,119146.0,118258.0,1783607100008000000,1783616807972000000,118841.0,119726.0,118702.0,119726.0,885.0,-885.0,-1.0,-1.0022598870056496,-1.0045197740112994,stop,PMH_PML,2026-07-09,NQ 09-26
1,1783953000000000000,117953,118895.0,77,119199.0,118590.0,1783953000008000000,1783953031656000000,118805.0,117953.0,118895.0,118895.0,852.0,90.0,0.1056338028169014,0.10328638497652583,0.10093896713615023,target,PMH_PML,2026-07-13,NQ 09-26
-1,1784142600000000000,118676,,133,,,1784142600028000000,1784144440692000000,118549.0,118676.0,118295.0,118676.0,127.0,-127.0,-1.0,-1.015748031496063,-1.031496062992126,stop,IB_VWAP,2026-07-15,NQ 09-26
1,1784211000000000000,117021,118013.0,73,118581.0,117444.0,1784211000024000000,1784212674508000000,117919.0,117021.0,118013.0,118013.0,898.0,94.0,0.10467706013363029,0.10244988864142539,0.10022271714922049,target,PMH_PML,2026-07-16,NQ 09-26
1,1784296800000000000,113647,114751.0,71,115302.0,114200.0,1784296800012000000,1784296804228000000,114704.0,113647.0,114751.0,114751.0,1057.0,47.0,0.04446546830652791,0.04257332071901608,0.04068117313150426,target,PMH_PML,2026-07-17,NQ 09-26
-1,1784556000000000000,116771,115927.0,71,116438.0,115416.0,1784556000028000000,1784556009344000000,115984.0,116771.0,115927.0,115927.0,787.0,57.0,0.0724269377382465,0.0698856416772554,0.06734434561626429,target,PMH_PML,2026-07-20,NQ 09-26
1,1784642100000000000,116381,116658.0,70,116900.0,116416.0,1784642100036000000,1784642225168000000,116569.0,116381.0,116658.0,116381.0,188.0,-188.0,-1.0,-1.0106382978723405,-1.0212765957446808,stop,PMH_PML,2026-07-21,NQ 09-26
-1,1784825400000000000,114751,,105,,,1784825400008000000,1784832873148000000,114552.0,114751.0,114154.0,114154.0,199.0,398.0,2.0,1.9899497487437185,1.979899497487437,target,IB_VWAP,2026-07-23,NQ 09-26
1,1784815500000000000,114783,115670.0,72,116551.0,114788.0,1784815500012000000,1784815754268000000,114994.0,114783.0,115670.0,114783.0,211.0,-211.0,-1.0,-1.009478672985782,-1.018957345971564,stop,PMH_PML,2026-07-23,NQ 09-26
1,1784909100000000000,113017,114489.0,96,114825.0,114152.0,1784909100008000000,1784909416904000000,114362.0,113017.0,114489.0,114489.0,1345.0,127.0,0.09442379182156134,0.09293680297397769,0.09144981412639405,target,PMH_PML,2026-07-24,NQ 09-26
1,1785250500000000000,110413,111801.0,82,112208.0,111393.0,1785250500092000000,1785252027348000000,111405.0,110413.0,111801.0,111801.0,992.0,396.0,0.39919354838709675,0.3971774193548387,0.3951612903225806,target,PMH_PML,2026-07-28,NQ 09-26
1,1785519000000000000,112318,114146.0,113,114563.0,113729.0,1785519000068000000,1785527700000000000,113850.0,112318.0,114146.0,114028.0,1532.0,178.0,0.11618798955613577,0.11488250652741515,0.11357702349869452,time,PMH_PML,2026-07-31,NQ 09-26
-1,1785766200000000000,114513,113969.0,73,114404.0,113534.0,1785766200016000000,1785766721996000000,114287.0,114513.0,113969.0,114513.0,226.0,-226.0,-1.0,-1.008849557522124,-1.0176991150442478,stop,PMH_PML,2026-08-03,NQ 09-26
-1,1785939900000000000,120297,119552.0,76,119914.0,119191.0,1785939900012000000,1785940222524000000,119838.0,120297.0,119552.0,119552.0,459.0,286.0,0.6230936819172114,0.6187363834422658,0.6143790849673203,target,PMH_PML,2026-08-05,NQ 09-26
-1,1786024500000000000,118205,117720.0,70,118135.0,117305.0,1786024500020000000,1786024804240000000,118006.0,118205.0,117720.0,118207.0,199.0,-201.0,-1.0100502512562815,-1.020100502512563,-1.0301507537688441,stop,PMH_PML,2026-08-06,NQ 09-26
1,1786112400000000000,118257,118904.0,75,119471.0,118336.0,1786112400008000000,1786112443116000000,118874.0,118257.0,118904.0,118904.0,617.0,30.0,0.04862236628849271,0.04538087520259319,0.04213938411669368,target,PMH_PML,2026-08-07,NQ 09-26
1,1786370100000000000,119017,119511.0,70,119935.0,119087.0,1786370100068000000,1786371001248000000,119110.0,119017.0,119511.0,119511.0,93.0,401.0,4.311827956989247,4.290322580645161,4.268817204301075,target,PMH_PML,2026-08-10,NQ 09-26
1,1786457100000000000,118526,119209.0,72,119547.0,118871.0,1786457100012000000,1786459968004000000,119026.0,118526.0,119209.0,119209.0,500.0,183.0,0.366,0.362,0.358,target,PMH_PML,2026-08-11,NQ 09-26
1,1786974900000000000,120696,121046.0,70,121372.0,120720.0,1786974900028000000,1786975694900000000,120998.0,120696.0,121046.0,120696.0,302.0,-302.0,-1.0,-1.0066225165562914,-1.0132450331125828,stop,PMH_PML,2026-08-17,NQ 09-26
1,1787150700000000000,117502,118528.0,80,119029.0,118027.0,1787150700028000000,1787155326192000000,118258.0,117502.0,118528.0,118528.0,756.0,270.0,0.35714285714285715,0.3544973544973545,0.35185185185185186,target,PMH_PML,2026-08-19,NQ 09-26
1,1787252100000000000,116810,117691.0,130,118422.0,116960.0,1787252100060000000,1787255700008000000,116999.0,116810.0,117691.0,117217.0,189.0,218.0,1.1534391534391535,1.1428571428571428,1.1322751322751323,time,PMH_PML,2026-08-20,NQ 09-26
1,1787326800000000000,116879,117859.0,91,118156.0,117562.0,1787326800060000000,1787326883728000000,117768.0,116879.0,117859.0,117859.0,889.0,91.0,0.10236220472440945,0.10011248593925759,0.09786276715410573,target,PMH_PML,2026-08-21,NQ 09-26
1,1787585700000000000,115786,116800.0,90,117132.0,116467.0,1787585700008000000,1787586436692000000,116538.0,115786.0,116800.0,116800.0,752.0,262.0,0.3484042553191489,0.34574468085106386,0.34308510638297873,target,PMH_PML,2026-08-24,NQ 09-26
1,1787668200000000000,116836,117276.0,77,117703.0,116849.0,1787668200004000000,1787668202104000000,116859.0,116836.0,117276.0,116836.0,23.0,-23.0,-1.0,-1.0869565217391304,-1.173913043478261,stop,PMH_PML,2026-08-25,NQ 09-26
-1,1787754000000000000,117332,116824.0,75,117115.0,116533.0,1787754000036000000,1787754137504000000,116955.0,117332.0,116824.0,116824.0,377.0,131.0,0.34748010610079577,0.3421750663129973,0.33687002652519893,target,PMH_PML,2026-08-26,NQ 09-26
1,1787839800000000000,117694,118354.0,73,118648.0,118059.0,1787839800020000000,1787840051040000000,118119.0,117694.0,118354.0,118354.0,425.0,235.0,0.5529411764705883,0.548235294117647,0.5435294117647059,target,PMH_PML,2026-08-27,NQ 09-26
-1,1787925300000000000,118814,118520.0,70,118727.0,118313.0,1787925300048000000,1787925309364000000,118539.0,118814.0,118520.0,118520.0,275.0,19.0,0.06909090909090909,0.06181818181818182,0.05454545454545454,target,PMH_PML,2026-08-28,NQ 09-26
1,1788185700000000000,117483,117825.0,74,118140.0,117510.0,1788185700020000000,1788186298348000000,117573.0,117483.0,117825.0,117483.0,90.0,-90.0,-1.0,-1.0222222222222221,-1.0444444444444445,stop,PMH_PML,2026-08-31,NQ 09-26
1,1788279900000000000,116681,,100,,,1788279900008000000,1788280019892000000,116781.0,116681.0,116981.0,116681.0,100.0,-100.0,-1.0,-1.02,-1.04,stop,IB_VWAP,2026-09-01,NQ 09-26
1,1788270900000000000,116298,117067.0,70,117796.0,116337.0,1788270900016000000,1788274116932000000,116498.0,116298.0,117067.0,117067.0,200.0,569.0,2.845,2.835,2.825,target,PMH_PML,2026-09-01,NQ 09-26
-1,1788361200000000000,116853,116153.0,83,116598.0,115709.0,1788361200168000000,1788378900004000000,116478.0,116853.0,116153.0,116769.0,375.0,-291.0,-0.776,-0.7813333333333333,-0.7866666666666666,time,PMH_PML,2026-09-02,NQ 09-26
-1,1788444600000000000,117503,116787.0,73,117171.0,116404.0,1788444600016000000,1788447619772000000,117071.0,117503.0,116787.0,117503.0,432.0,-432.0,-1.0,-1.0046296296296295,-1.0092592592592593,stop,PMH_PML,2026-09-03,NQ 09-26
-1,1788541500000000000,118323,,108,,,1788541500112000000,1788543236024000000,118203.0,118323.0,117963.0,117963.0,120.0,240.0,2.0,1.9833333333333334,1.9666666666666666,target,IB_VWAP,2026-09-04,NQ 09-26
1,1788534300000000000,117988,118413.0,84,118818.0,118008.0,1788534300012000000,1788535133112000000,118061.0,117988.0,118413.0,117988.0,73.0,-73.0,-1.0,-1.0273972602739727,-1.0547945205479452,stop,PMH_PML,2026-09-04,NQ 09-26
1,1788875700000000000,117820,118292.0,70,118673.0,117911.0,1788875700016000000,1788876121156000000,118011.0,117820.0,118292.0,117820.0,191.0,-191.0,-1.0,-1.0104712041884816,-1.0209424083769634,stop,PMH_PML,2026-09-08,NQ 09-26
1,1790273400000000000,122505,,121,,,1790273400020000000,1790279700000000000,122734.0,122505.0,123192.0,123118.0,229.0,384.0,1.6768558951965065,1.668122270742358,1.6593886462882097,time,IB_VWAP,2026-09-24,NQ 12-26
-1,1790258100000000000,122492,121920.0,70,122360.0,121480.0,1790258100008000000,1790260045252000000,122179.0,122492.0,121920.0,122492.0,313.0,-313.0,-1.0,-1.0063897763578276,-1.012779552715655,stop,PMH_PML,2026-09-24,NQ 12-26
1,1790348700000000000,122735,123638.0,84,123998.0,123278.0,1790348700036000000,1790352200132000000,123425.0,122735.0,123638.0,123638.0,690.0,213.0,0.30869565217391304,0.30579710144927535,0.30289855072463767,target,PMH_PML,2026-09-25,NQ 12-26
