block,eligible_sessions,mean_net_usd,month,n,sum_net_usd,variant
EXTRA43,20,-1.2301724137931005,202508,116,-142.70000000000002,BASE
EXTRA43,19,-4.7863636363636335,202509,110,-526.5,BASE
EXTRA43,4,39.060869565217374,202510,23,898.4,BASE
EXTRA43,20,-5.719047619047615,202508,105,-600.5,SEP
EXTRA43,19,-6.155882352941175,202509,102,-627.9000000000001,SEP
EXTRA43,4,29.224999999999994,202510,20,584.5,SEP
COMBINED197,20,-1.2301724137931005,202508,116,-142.70000000000002,BASE
COMBINED197,19,-4.7863636363636335,202509,110,-526.5,BASE
COMBINED197,23,14.483999999999993,202510,125,1810.5,BASE
COMBINED197,18,14.33365384615385,202511,104,1490.7000000000003,BASE
COMBINED197,17,-10.541584158415843,202512,101,-1064.7,BASE
COMBINED197,20,9.91926605504587,202601,109,1081.2,BASE
COMBINED197,19,12.097297297297294,202602,111,1342.8000000000002,BASE
COMBINED197,12,3.279729729729734,202603,74,242.70000000000002,BASE
COMBINED197,18,-2.9673267326732695,202604,101,-299.6999999999999,BASE
COMBINED197,17,-13.312903225806448,202605,93,-1238.0999999999997,BASE
COMBINED197,14,11.450602409638533,202606,83,950.4,BASE
COMBINED197,20,-5.719047619047615,202508,105,-600.5,SEP
COMBINED197,19,-6.155882352941175,202509,102,-627.9000000000001,SEP
COMBINED197,23,17.81351351351351,202510,111,1977.3000000000002,SEP
COMBINED197,18,11.769387755102041,202511,98,1153.4,SEP
COMBINED197,17,-14.654545454545456,202512,88,-1289.6,SEP
COMBINED197,20,13.557425742574257,202601,101,1369.3,SEP
COMBINED197,19,8.412903225806451,202602,93,782.4000000000001,SEP
COMBINED197,12,1.084615384615392,202603,65,70.50000000000004,SEP
COMBINED197,18,-1.5913043478260835,202604,92,-146.39999999999992,SEP
COMBINED197,17,-7.52758620689655,202605,87,-654.8999999999997,SEP
COMBINED197,14,10.188157894736829,202606,76,774.3,SEP
