asset,TFmin,K,Hmin,reserved,raw,quote_entry,active_dates,median_day,support_goal
RTY,5,1.0,120,108,1620,108,54,2.0,False
RTY,5,1.0,60,243,2014,243,54,4.5,True
RTY,5,1.0,30,440,2230,440,54,8.0,True
RTY,5,0.5,120,108,2021,108,54,2.0,False
RTY,5,0.5,60,262,2545,262,54,5.0,True
RTY,5,0.5,30,478,2817,478,54,9.0,True
RTY,15,1.0,120,86,384,86,48,2.0,False
RTY,15,1.0,60,146,437,146,48,3.0,False
RTY,15,1.0,30,216,464,216,48,4.0,True
RTY,15,0.5,120,95,534,95,48,2.0,False
RTY,15,0.5,60,183,641,183,48,4.0,True
RTY,15,0.5,30,288,697,288,48,6.0,True
MNQ,5,1.0,120,108,1591,108,54,2.0,False
MNQ,5,1.0,60,238,1974,238,54,4.0,True
MNQ,5,1.0,30,428,2149,428,54,8.0,True
MNQ,5,0.5,120,108,2007,108,54,2.0,False
MNQ,5,0.5,60,267,2510,267,54,5.0,True
MNQ,5,0.5,30,475,2750,475,54,9.0,True
MNQ,15,1.0,120,89,389,89,51,2.0,False
MNQ,15,1.0,60,151,437,151,51,3.0,False
MNQ,15,1.0,30,210,458,210,51,4.0,True
MNQ,15,0.5,120,100,568,100,51,2.0,False
MNQ,15,0.5,60,191,667,191,51,4.0,True
MNQ,15,0.5,30,302,717,302,51,6.0,True
YM,5,1.0,120,107,1646,107,54,2.0,False
YM,5,1.0,60,245,2021,245,54,5.0,True
YM,5,1.0,30,438,2225,438,54,8.0,True
YM,5,0.5,120,108,2037,108,54,2.0,False
YM,5,0.5,60,268,2540,268,54,5.0,True
YM,5,0.5,30,482,2807,482,54,9.0,True
YM,15,1.0,120,95,399,95,51,2.0,False
YM,15,1.0,60,154,444,154,51,3.0,False
YM,15,1.0,30,227,477,227,51,4.5,True
YM,15,0.5,120,101,592,101,51,2.0,False
YM,15,0.5,60,188,702,188,51,4.0,True
YM,15,0.5,30,314,762,314,51,6.0,True
