case_type,py_id,nt8_id,evidence_level,time_delta_seconds,py_n_cells,nt8_n_cells,py_median,nt8_median,nt8_hot_threshold,nt8_decision,mechanism,n_value_diffs,py_only_vol,nt8_only_vol,n_py_only_ticks,n_nt8_only_ticks
GEOMETRY_DIFF,106,9,DIRECT,0.0,66,65,13.0,12.0,24.0,CREATE,EDGE_LEVELS_MISSING+SHARED_CELL_VALUE_NOISE,3,1.0,0,1,0
GEOMETRY_DIFF,119,27,DIRECT,0.0,52,52,17.0,15.0,30.0,CREATE,SHARED_CELL_VALUE_NOISE,4,0,0,0,0
GEOMETRY_DIFF,139,55,DIRECT,0.0,30,28,25.0,29.0,58.0,CREATE,EDGE_LEVELS_MISSING+SHARED_CELL_VALUE_NOISE,2,13.0,0,2,0
GEOMETRY_DIFF,147,65,DIRECT,0.0,52,52,16.0,15.0,30.0,CREATE,SHARED_CELL_VALUE_NOISE,3,0,0,0,0
GEOMETRY_DIFF,151,68,DIRECT,0.0,55,55,12.0,12.0,24.0,CREATE,SHARED_CELL_VALUE_NOISE,6,0,0,0,0
GEOMETRY_DIFF,197,135,DIRECT,0.0,109,107,6.0,6.0,12.0,CREATE,EDGE_LEVELS_MISSING+SHARED_CELL_VALUE_NOISE,7,3.0,0,2,0
GEOMETRY_DIFF,202,146,DIRECT,0.0,99,99,8.0,7.0,14.0,CREATE,SHARED_CELL_VALUE_NOISE,5,0,0,0,0
GEOMETRY_DIFF,221,176,DIRECT,0.0,65,65,10.0,9.0,18.0,CREATE,SHARED_CELL_VALUE_NOISE,4,0,0,0,0
GEOMETRY_DIFF,256,240,DIRECT,0.0,78,78,12.0,12.0,24.0,CREATE,SHARED_CELL_VALUE_NOISE,5,0,0,0,0
GEOMETRY_DIFF,268,259,DIRECT,0.0,85,80,6.0,7.0,14.0,CREATE,EDGE_LEVELS_MISSING+SHARED_CELL_VALUE_NOISE,2,16.0,0,5,0
GEOMETRY_DIFF,288,282,DIRECT,0.0,62,62,12.0,12.0,24.0,CREATE,SHARED_CELL_VALUE_NOISE,14,0,0,0,0
GEOMETRY_DIFF,289,284,DIRECT,0.0,57,57,9.0,10.0,20.0,CREATE,SHARED_CELL_VALUE_NOISE,2,0,0,0,0
GEOMETRY_DIFF,305,311,DIRECT,0.0,89,89,9.0,10.0,20.0,CREATE,SHARED_CELL_VALUE_NOISE,2,0,0,0,0
GEOMETRY_DIFF,360,386,DIRECT,0.0,107,107,8.0,7.0,14.0,CREATE,SHARED_CELL_VALUE_NOISE,9,0,0,0,0
GEOMETRY_DIFF,361,387,DIRECT,0.0,132,117,5.0,6.0,12.0,CREATE,EDGE_LEVELS_MISSING+SHARED_CELL_VALUE_NOISE,4,35.0,0,15,0
GEOMETRY_DIFF,365,392,DIRECT,0.0,55,55,13.0,12.0,24.0,CREATE,SHARED_CELL_VALUE_NOISE,3,0,0,0,0
GEOMETRY_DIFF,372,413,DIRECT,0.0,66,53,6.0,10.0,20.0,CREATE,EDGE_LEVELS_MISSING+SHARED_CELL_VALUE_NOISE,4,31.0,0,13,0
GEOMETRY_DIFF,383,433,DIRECT,0.0,53,53,13.0,12.0,24.0,CREATE,SHARED_CELL_VALUE_NOISE,3,0,0,0,0
GEOMETRY_DIFF,388,439,DIRECT,0.0,47,47,18.0,17.0,34.0,CREATE,SHARED_CELL_VALUE_NOISE,3,0,0,0,0
MISSING_IN_NT8,98,,DIRECT,0.0,134,134,6.0,6.0,12.0,ABSTAIN_NO_HISTORY,SHARED_CELL_VALUE_NOISE,12,0,0,0,0
MISSING_IN_NT8,99,,DIRECT,0.0,98,98,9.0,9.0,18.0,ABSTAIN_NO_HISTORY,SHARED_CELL_VALUE_NOISE,3,0,0,0,0
MISSING_IN_NT8,100,,DIRECT,0.0,77,77,11.0,11.0,22.0,ABSTAIN_NO_HISTORY,SHARED_CELL_VALUE_NOISE,5,0,0,0,0
MISSING_IN_NT8,104,,DIRECT,0.0,57,57,11.0,11.0,22.0,ABSTAIN_BELOW_THRESHOLD,SHARED_CELL_VALUE_NOISE,3,0,0,0,0
MISSING_IN_NT8,105,,DIRECT,0.0,53,53,14.0,14.0,28.0,ABSTAIN_BELOW_THRESHOLD,SHARED_CELL_VALUE_NOISE,4,0,0,0,0
MISSING_IN_NT8,110,,DIRECT,0.0,100,100,9.0,9.0,18.0,ABSTAIN_NO_HISTORY,SHARED_CELL_VALUE_NOISE,2,0,0,0,0
MISSING_IN_NT8,112,,DIRECT,0.0,87,87,9.0,9.0,18.0,ABSTAIN_BELOW_THRESHOLD,SHARED_CELL_VALUE_NOISE,11,0,0,0,0
MISSING_IN_NT8,114,,DIRECT,0.0,51,49,17.0,22.0,44.0,ABSTAIN_BELOW_THRESHOLD,EDGE_LEVELS_MISSING+SHARED_CELL_VALUE_NOISE,8,8.0,0,2,0
MISSING_IN_NT8,115,,DIRECT,0.0,81,81,10.0,10.0,20.0,ABSTAIN_BELOW_THRESHOLD,SHARED_CELL_VALUE_NOISE,2,0,0,0,0
MISSING_IN_NT8,117,,DIRECT,0.0,66,66,15.0,14.0,28.0,ABSTAIN_NO_HISTORY,SHARED_CELL_VALUE_NOISE,4,0,0,0,0
MISSING_IN_NT8,120,,DIRECT,0.0,57,57,15.0,15.0,30.0,ABSTAIN_BELOW_THRESHOLD,SHARED_CELL_VALUE_NOISE,2,0,0,0,0
MISSING_IN_NT8,122,,DIRECT,0.0,45,40,17.0,22.0,44.0,ABSTAIN_BELOW_THRESHOLD,EDGE_LEVELS_MISSING+SHARED_CELL_VALUE_NOISE,3,29.0,0,5,0
MISSING_IN_NT8,124,,DIRECT,0.0,110,107,7.0,7.0,14.0,ABSTAIN_NO_HISTORY,EDGE_LEVELS_MISSING+SHARED_CELL_VALUE_NOISE,2,7.0,0,3,0
MISSING_IN_NT8,125,,DIRECT,0.0,124,118,6.0,6.0,12.0,ABSTAIN_NO_HISTORY,EDGE_LEVELS_MISSING+SHARED_CELL_VALUE_NOISE,5,22.0,0,6,0
MISSING_IN_NT8,128,,DIRECT,0.0,67,50,11.0,16.0,32.0,ABSTAIN_BELOW_THRESHOLD,EDGE_LEVELS_MISSING+SHARED_CELL_VALUE_NOISE,1,96.0,0,17,0
MISSING_IN_NT8,129,,DIRECT,0.0,39,39,19.0,19.0,38.0,ABSTAIN_BELOW_THRESHOLD,SHARED_CELL_VALUE_NOISE,2,0,0,0,0
MISSING_IN_NT8,130,,DIRECT,0.0,70,65,14.0,14.0,28.0,ABSTAIN_BELOW_THRESHOLD,EDGE_LEVELS_MISSING+SHARED_CELL_VALUE_NOISE,15,16.0,0,5,0
MISSING_IN_NT8,131,,DIRECT,0.0,76,76,13.0,13.0,26.0,ABSTAIN_BELOW_THRESHOLD,SHARED_CELL_VALUE_NOISE,7,0,0,0,0
MISSING_IN_NT8,133,,DIRECT,0.0,105,105,5.0,5.0,10.0,ABSTAIN_BELOW_THRESHOLD,SHARED_CELL_VALUE_NOISE,2,0,0,0,0
MISSING_IN_NT8,142,,DIRECT,0.0,61,61,13.0,13.0,26.0,ABSTAIN_NO_HISTORY,SHARED_CELL_VALUE_NOISE,5,0,0,0,0
MISSING_IN_NT8,143,,DIRECT,0.0,76,76,8.0,8.0,16.0,ABSTAIN_NO_HISTORY,SHARED_CELL_VALUE_NOISE,2,0,0,0,0
MISSING_IN_NT8,144,,DIRECT,0.0,131,117,6.0,7.0,14.0,ABSTAIN_BELOW_THRESHOLD,EDGE_LEVELS_MISSING+SHARED_CELL_VALUE_NOISE,17,37.0,0,14,0
MISSING_IN_NT8,148,,DIRECT,0.0,53,51,17.0,18.0,36.0,ABSTAIN_BELOW_THRESHOLD,EDGE_LEVELS_MISSING,0,4.0,0,2,0
MISSING_IN_NT8,153,,DIRECT,0.0,66,66,16.0,16.0,32.0,ABSTAIN_NO_HISTORY,SHARED_CELL_VALUE_NOISE,3,0,0,0,0
MISSING_IN_NT8,154,,DIRECT,0.0,79,79,11.0,11.0,22.0,ABSTAIN_NO_HISTORY,SHARED_CELL_VALUE_NOISE,4,0,0,0,0
MISSING_IN_NT8,155,,DIRECT,0.0,107,103,7.0,7.0,14.0,ABSTAIN_BELOW_THRESHOLD,EDGE_LEVELS_MISSING+SHARED_CELL_VALUE_NOISE,1,28.0,1.0,5,1
MISSING_IN_NT8,158,,DIRECT,0.0,97,97,9.0,9.0,18.0,ABSTAIN_BELOW_THRESHOLD,SHARED_CELL_VALUE_NOISE,7,0,0,0,0
MISSING_IN_NT8,161,,DIRECT,0.0,58,58,15.0,15.0,30.0,ABSTAIN_BELOW_THRESHOLD,SHARED_CELL_VALUE_NOISE,3,0,0,0,0
MISSING_IN_NT8,164,,DIRECT,0.0,58,58,20.0,20.0,40.0,ABSTAIN_BELOW_THRESHOLD,SHARED_CELL_VALUE_NOISE,4,0,0,0,0
MISSING_IN_NT8,174,,DIRECT,0.0,154,151,5.0,5.0,10.0,ABSTAIN_BELOW_THRESHOLD,EDGE_LEVELS_MISSING+SHARED_CELL_VALUE_NOISE,27,5.0,0,3,0
MISSING_IN_NT8,175,,DIRECT,0.0,94,94,11.0,10.0,20.0,ABSTAIN_BELOW_THRESHOLD,SHARED_CELL_VALUE_NOISE,9,0,0,0,0
MISSING_IN_NT8,181,,DIRECT,0.0,87,87,8.0,8.0,16.0,ABSTAIN_NO_HISTORY,SHARED_CELL_VALUE_NOISE,2,0,0,0,0
MISSING_IN_NT8,188,,DIRECT,0.0,70,70,14.0,14.0,28.0,ABSTAIN_BELOW_THRESHOLD,SHARED_CELL_VALUE_NOISE,4,0,0,0,0
MISSING_IN_NT8,195,,DIRECT,0.0,70,64,15.0,18.0,36.0,ABSTAIN_BELOW_THRESHOLD,EDGE_LEVELS_MISSING+SHARED_CELL_VALUE_NOISE,4,19.0,0,6,0
MISSING_IN_NT8,201,,DIRECT,0.0,100,87,8.0,10.0,20.0,CREATE,EDGE_LEVELS_MISSING+SHARED_CELL_VALUE_NOISE,1,27.0,0,13,0
MISSING_IN_NT8,206,,DIRECT,0.0,63,53,11.0,15.0,30.0,ABSTAIN_BELOW_THRESHOLD,EDGE_LEVELS_MISSING+SHARED_CELL_VALUE_NOISE,4,36.0,0,10,0
MISSING_IN_NT8,208,,DIRECT,0.0,63,58,14.0,23.0,46.0,ABSTAIN_BELOW_THRESHOLD,EDGE_LEVELS_MISSING+SHARED_CELL_VALUE_NOISE,6,17.0,0,5,0
MISSING_IN_NT8,212,,DIRECT,0.0,92,92,10.0,10.0,20.0,ABSTAIN_BELOW_THRESHOLD,SHARED_CELL_VALUE_NOISE,19,0,0,0,0
MISSING_IN_NT8,217,,DIRECT,0.0,63,62,14.0,16.0,32.0,ABSTAIN_BELOW_THRESHOLD,EDGE_LEVELS_MISSING+SHARED_CELL_VALUE_NOISE,2,2.0,0,1,0
MISSING_IN_NT8,237,,DIRECT,0.0,159,116,2.0,3.0,6.0,CREATE,EDGE_LEVELS_MISSING+SHARED_CELL_VALUE_NOISE,10,106.0,0,43,0
MISSING_IN_NT8,250,,DIRECT,0.0,87,86,9.0,10.0,20.0,ABSTAIN_BELOW_THRESHOLD,EDGE_LEVELS_MISSING+SHARED_CELL_VALUE_NOISE,2,1.0,0,1,0
MISSING_IN_NT8,254,,DIRECT,0.0,76,60,8.0,9.0,18.0,ABSTAIN_BELOW_THRESHOLD,EDGE_LEVELS_MISSING+SHARED_CELL_VALUE_NOISE,15,107.0,0,16,0
MISSING_IN_NT8,269,,DIRECT,0.0,88,57,11.0,19.0,38.0,ABSTAIN_BELOW_THRESHOLD,EDGE_LEVELS_MISSING+SHARED_CELL_VALUE_NOISE,3,141.0,0,31,0
MISSING_IN_NT8,276,,DIRECT,0.0,71,67,11.0,12.0,24.0,ABSTAIN_BELOW_THRESHOLD,EDGE_LEVELS_MISSING+SHARED_CELL_VALUE_NOISE,3,12.0,0,4,0
MISSING_IN_NT8,281,,DIRECT,0.0,60,59,16.0,16.0,32.0,ABSTAIN_BELOW_THRESHOLD,EDGE_LEVELS_MISSING+SHARED_CELL_VALUE_NOISE,3,1.0,0,1,0
MISSING_IN_NT8,283,,DIRECT,0.0,50,50,19.0,19.0,38.0,ABSTAIN_BELOW_THRESHOLD,SHARED_CELL_VALUE_NOISE,5,0,0,0,0
MISSING_IN_NT8,302,,DIRECT,0.0,79,79,10.0,11.0,22.0,ABSTAIN_BELOW_THRESHOLD,SHARED_CELL_VALUE_NOISE,4,0,0,0,0
MISSING_IN_NT8,308,,DIRECT,0.0,92,92,10.0,11.0,22.0,ABSTAIN_BELOW_THRESHOLD,SHARED_CELL_VALUE_NOISE,16,0,0,0,0
MISSING_IN_NT8,319,,DIRECT,0.0,143,143,4.0,4.0,8.0,ABSTAIN_BELOW_THRESHOLD,SHARED_CELL_VALUE_NOISE,22,0,0,0,0
MISSING_IN_NT8,320,,DIRECT,0.0,43,40,22.0,26.0,52.0,ABSTAIN_BELOW_THRESHOLD,EDGE_LEVELS_MISSING+SHARED_CELL_VALUE_NOISE,2,11.0,0,3,0
MISSING_IN_NT8,343,,DIRECT,0.0,48,47,17.0,14.0,28.0,ABSTAIN_BELOW_THRESHOLD,EDGE_LEVELS_MISSING+SHARED_CELL_VALUE_NOISE,15,3.0,0,1,0
MISSING_IN_NT8,346,,DIRECT,0.0,56,56,13.0,14.0,28.0,ABSTAIN_BELOW_THRESHOLD,SHARED_CELL_VALUE_NOISE,3,0,0,0,0
MISSING_IN_NT8,347,,DIRECT,0.0,71,52,11.0,19.0,38.0,ABSTAIN_BELOW_THRESHOLD,EDGE_LEVELS_MISSING+SHARED_CELL_VALUE_NOISE,16,106.0,0,19,0
MISSING_IN_NT8,351,,DIRECT,0.0,153,104,4.0,10.0,20.0,ABSTAIN_BELOW_THRESHOLD,EDGE_LEVELS_MISSING+SHARED_CELL_VALUE_NOISE,2,104.0,0,49,0
MISSING_IN_NT8,357,,DIRECT,0.0,51,51,16.0,16.0,32.0,ABSTAIN_BELOW_THRESHOLD,SHARED_CELL_VALUE_NOISE,5,0,0,0,0
MISSING_IN_NT8,382,,DIRECT,0.0,61,50,12.0,18.0,36.0,ABSTAIN_BELOW_THRESHOLD,EDGE_LEVELS_MISSING+SHARED_CELL_VALUE_NOISE,1,41.0,0,11,0
MISSING_IN_NT8,392,,DIRECT,0.0,91,91,9.0,9.0,18.0,ABSTAIN_BELOW_THRESHOLD,SHARED_CELL_VALUE_NOISE,8,0,0,0,0
