zone_id,t_start,trade_date,Symbol,width_ticks
6E_Z20,2026-06-08 03:37:00+00:00,2026-06-08,6E,2.0
6E_Z32,2026-06-08 04:02:00+00:00,2026-06-08,6E,4.0
6E_Z44,2026-06-08 04:32:00+00:00,2026-06-08,6E,6.0
6E_Z56,2026-06-08 04:54:00+00:00,2026-06-08,6E,3.0
6E_Z68,2026-06-08 05:16:00+00:00,2026-06-08,6E,5.0
6E_Z80,2026-06-08 05:35:00+00:00,2026-06-08,6E,2.0
6E_Z92,2026-06-08 05:53:00+00:00,2026-06-08,6E,4.0
6E_Z104,2026-06-08 06:06:00+00:00,2026-06-08,6E,6.0
6E_Z116,2026-06-08 06:19:00+00:00,2026-06-08,6E,3.0
6E_Z128,2026-06-08 06:34:00+00:00,2026-06-08,6E,5.0
6E_Z140,2026-06-08 06:47:00+00:00,2026-06-08,6E,2.0
6E_Z152,2026-06-08 07:00:00+00:00,2026-06-08,6E,4.0
6E_Z164,2026-06-08 07:12:00+00:00,2026-06-08,6E,6.0
6E_Z176,2026-06-08 07:26:00+00:00,2026-06-08,6E,3.0
6E_Z188,2026-06-08 07:39:00+00:00,2026-06-08,6E,5.0
6E_Z200,2026-06-08 07:53:00+00:00,2026-06-08,6E,2.0
6E_Z212,2026-06-08 08:05:00+00:00,2026-06-08,6E,4.0
6E_Z224,2026-06-08 08:18:00+00:00,2026-06-08,6E,6.0
6E_Z236,2026-06-08 08:31:00+00:00,2026-06-08,6E,3.0
6E_Z248,2026-06-08 08:45:00+00:00,2026-06-08,6E,5.0
6E_Z260,2026-06-08 08:59:00+00:00,2026-06-08,6E,2.0
6E_Z272,2026-06-08 09:11:00+00:00,2026-06-08,6E,4.0
6E_Z284,2026-06-08 09:24:00+00:00,2026-06-08,6E,6.0
6E_Z296,2026-06-08 09:37:00+00:00,2026-06-08,6E,3.0
6E_Z308,2026-06-08 09:50:00+00:00,2026-06-08,6E,5.0
6E_Z320,2026-06-08 10:03:00+00:00,2026-06-08,6E,2.0
6E_Z332,2026-06-08 10:15:00+00:00,2026-06-08,6E,4.0
6E_Z344,2026-06-08 10:28:00+00:00,2026-06-08,6E,6.0
6E_Z356,2026-06-08 10:41:00+00:00,2026-06-08,6E,3.0
6E_Z368,2026-06-08 10:53:00+00:00,2026-06-08,6E,5.0
6E_Z380,2026-06-08 11:05:00+00:00,2026-06-08,6E,2.0
6E_Z392,2026-06-08 11:17:00+00:00,2026-06-08,6E,4.0
6E_Z404,2026-06-08 11:29:00+00:00,2026-06-08,6E,6.0
6E_Z416,2026-06-08 11:41:00+00:00,2026-06-08,6E,3.0
6E_Z428,2026-06-08 11:53:00+00:00,2026-06-08,6E,5.0
6E_Z440,2026-06-08 12:05:00+00:00,2026-06-08,6E,2.0
6E_Z452,2026-06-08 12:17:00+00:00,2026-06-08,6E,4.0
6E_Z464,2026-06-08 12:29:00+00:00,2026-06-08,6E,6.0
6E_Z476,2026-06-08 12:41:00+00:00,2026-06-08,6E,3.0
6E_Z488,2026-06-08 12:53:00+00:00,2026-06-08,6E,5.0
6E_Z500,2026-06-08 13:05:00+00:00,2026-06-08,6E,2.0
6E_Z512,2026-06-08 13:18:00+00:00,2026-06-08,6E,4.0
6E_Z524,2026-06-08 13:30:00+00:00,2026-06-08,6E,6.0
6E_Z536,2026-06-08 13:42:00+00:00,2026-06-08,6E,3.0
6E_Z548,2026-06-08 13:54:00+00:00,2026-06-08,6E,5.0
6E_Z560,2026-06-08 14:06:00+00:00,2026-06-08,6E,2.0
6E_Z572,2026-06-08 14:18:00+00:00,2026-06-08,6E,4.0
6E_Z584,2026-06-08 14:30:00+00:00,2026-06-08,6E,6.0
6E_Z596,2026-06-08 14:42:00+00:00,2026-06-08,6E,3.0
6E_Z608,2026-06-08 14:54:00+00:00,2026-06-08,6E,5.0
6E_Z620,2026-06-08 15:06:00+00:00,2026-06-08,6E,2.0
6E_Z632,2026-06-08 15:19:00+00:00,2026-06-08,6E,4.0
6E_Z644,2026-06-08 15:31:00+00:00,2026-06-08,6E,6.0
6E_Z656,2026-06-08 15:44:00+00:00,2026-06-08,6E,3.0
6E_Z668,2026-06-08 15:56:00+00:00,2026-06-08,6E,5.0
6E_Z680,2026-06-08 16:09:00+00:00,2026-06-08,6E,2.0
6E_Z692,2026-06-08 16:21:00+00:00,2026-06-08,6E,4.0
6E_Z704,2026-06-08 16:34:00+00:00,2026-06-08,6E,6.0
6E_Z716,2026-06-08 16:46:00+00:00,2026-06-08,6E,3.0
6E_Z728,2026-06-08 17:00:00+00:00,2026-06-08,6E,5.0
6E_Z740,2026-06-08 17:12:00+00:00,2026-06-08,6E,2.0
6E_Z752,2026-06-08 17:25:00+00:00,2026-06-08,6E,4.0
6E_Z764,2026-06-08 17:37:00+00:00,2026-06-08,6E,6.0
6E_Z776,2026-06-08 17:50:00+00:00,2026-06-08,6E,3.0
6E_Z788,2026-06-08 18:04:00+00:00,2026-06-08,6E,5.0
6E_Z800,2026-06-08 18:18:00+00:00,2026-06-08,6E,2.0
6E_Z812,2026-06-08 18:32:00+00:00,2026-06-08,6E,4.0
6E_Z824,2026-06-08 18:44:00+00:00,2026-06-08,6E,6.0
6E_Z836,2026-06-08 18:56:00+00:00,2026-06-08,6E,3.0
6E_Z848,2026-06-08 19:10:00+00:00,2026-06-08,6E,5.0
6E_Z860,2026-06-08 19:25:00+00:00,2026-06-08,6E,2.0
6E_Z872,2026-06-08 19:39:00+00:00,2026-06-08,6E,4.0
6E_Z884,2026-06-08 19:56:00+00:00,2026-06-08,6E,6.0
6E_Z896,2026-06-08 20:10:00+00:00,2026-06-08,6E,3.0
6E_Z908,2026-06-08 20:33:00+00:00,2026-06-08,6E,5.0
6E_Z920,2026-06-08 20:45:00+00:00,2026-06-08,6E,2.0
6E_Z932,2026-06-08 20:58:00+00:00,2026-06-08,6E,4.0
6E_Z944,2026-06-08 22:32:00+00:00,2026-06-08,6E,6.0
6E_Z956,2026-06-08 22:44:00+00:00,2026-06-08,6E,3.0
6E_Z968,2026-06-08 22:56:00+00:00,2026-06-08,6E,5.0
6E_Z980,2026-06-08 23:55:00+00:00,2026-06-08,6E,2.0
6E_Z992,2026-06-09 00:14:00+00:00,2026-06-09,6E,4.0
6E_Z1004,2026-06-09 00:57:00+00:00,2026-06-09,6E,6.0
6E_Z1016,2026-06-09 01:20:00+00:00,2026-06-09,6E,3.0
6E_Z1028,2026-06-09 01:45:00+00:00,2026-06-09,6E,5.0
6E_Z1040,2026-06-09 02:02:00+00:00,2026-06-09,6E,2.0
6E_Z1052,2026-06-09 02:19:00+00:00,2026-06-09,6E,4.0
6E_Z1064,2026-06-09 02:38:00+00:00,2026-06-09,6E,6.0
6E_Z1076,2026-06-09 03:06:00+00:00,2026-06-09,6E,3.0
6E_Z1088,2026-06-09 03:24:00+00:00,2026-06-09,6E,5.0
6E_Z1100,2026-06-09 03:38:00+00:00,2026-06-09,6E,2.0
6E_Z1112,2026-06-09 04:03:00+00:00,2026-06-09,6E,4.0
6E_Z1124,2026-06-09 04:27:00+00:00,2026-06-09,6E,6.0
6E_Z1136,2026-06-09 04:41:00+00:00,2026-06-09,6E,3.0
6E_Z1148,2026-06-09 05:02:00+00:00,2026-06-09,6E,5.0
6E_Z1160,2026-06-09 05:22:00+00:00,2026-06-09,6E,2.0
6E_Z1172,2026-06-09 05:34:00+00:00,2026-06-09,6E,4.0
6E_Z1184,2026-06-09 05:47:00+00:00,2026-06-09,6E,6.0
6E_Z1196,2026-06-09 06:01:00+00:00,2026-06-09,6E,3.0
6E_Z1208,2026-06-09 06:14:00+00:00,2026-06-09,6E,5.0
6E_Z1220,2026-06-09 06:28:00+00:00,2026-06-09,6E,2.0
6E_Z1232,2026-06-09 06:41:00+00:00,2026-06-09,6E,4.0
6E_Z1244,2026-06-09 06:53:00+00:00,2026-06-09,6E,6.0
6E_Z1256,2026-06-09 07:05:00+00:00,2026-06-09,6E,3.0
6E_Z1268,2026-06-09 07:17:00+00:00,2026-06-09,6E,5.0
6E_Z1280,2026-06-09 07:29:00+00:00,2026-06-09,6E,2.0
6E_Z1292,2026-06-09 07:41:00+00:00,2026-06-09,6E,4.0
6E_Z1304,2026-06-09 07:53:00+00:00,2026-06-09,6E,6.0
6E_Z1316,2026-06-09 08:05:00+00:00,2026-06-09,6E,3.0
6E_Z1328,2026-06-09 08:17:00+00:00,2026-06-09,6E,5.0
6E_Z1340,2026-06-09 08:29:00+00:00,2026-06-09,6E,2.0
6E_Z1352,2026-06-09 08:41:00+00:00,2026-06-09,6E,4.0
6E_Z1364,2026-06-09 08:54:00+00:00,2026-06-09,6E,6.0
6E_Z1376,2026-06-09 09:06:00+00:00,2026-06-09,6E,3.0
6E_Z1388,2026-06-09 09:18:00+00:00,2026-06-09,6E,5.0
6E_Z1400,2026-06-09 09:30:00+00:00,2026-06-09,6E,2.0
6E_Z1412,2026-06-09 09:43:00+00:00,2026-06-09,6E,4.0
6E_Z1424,2026-06-09 09:55:00+00:00,2026-06-09,6E,6.0
6E_Z1436,2026-06-09 10:08:00+00:00,2026-06-09,6E,3.0
6E_Z1448,2026-06-09 10:20:00+00:00,2026-06-09,6E,5.0
6E_Z1460,2026-06-09 10:34:00+00:00,2026-06-09,6E,2.0
6E_Z1472,2026-06-09 10:48:00+00:00,2026-06-09,6E,4.0
6E_Z1484,2026-06-09 11:01:00+00:00,2026-06-09,6E,6.0
6E_Z1496,2026-06-09 11:13:00+00:00,2026-06-09,6E,3.0
6E_Z1508,2026-06-09 11:26:00+00:00,2026-06-09,6E,5.0
6E_Z1520,2026-06-09 11:39:00+00:00,2026-06-09,6E,2.0
6E_Z1532,2026-06-09 11:51:00+00:00,2026-06-09,6E,4.0
6E_Z1544,2026-06-09 12:03:00+00:00,2026-06-09,6E,6.0
6E_Z1556,2026-06-09 12:15:00+00:00,2026-06-09,6E,3.0
6E_Z1568,2026-06-09 12:27:00+00:00,2026-06-09,6E,5.0
6E_Z1580,2026-06-09 12:39:00+00:00,2026-06-09,6E,2.0
6E_Z1592,2026-06-09 12:52:00+00:00,2026-06-09,6E,4.0
6E_Z1604,2026-06-09 13:07:00+00:00,2026-06-09,6E,6.0
6E_Z1616,2026-06-09 13:19:00+00:00,2026-06-09,6E,3.0
6E_Z1628,2026-06-09 13:31:00+00:00,2026-06-09,6E,5.0
6E_Z1640,2026-06-09 13:43:00+00:00,2026-06-09,6E,2.0
6E_Z1652,2026-06-09 13:55:00+00:00,2026-06-09,6E,4.0
6E_Z1664,2026-06-09 14:07:00+00:00,2026-06-09,6E,6.0
6E_Z1676,2026-06-09 14:19:00+00:00,2026-06-09,6E,3.0
6E_Z1688,2026-06-09 14:31:00+00:00,2026-06-09,6E,5.0
6E_Z1700,2026-06-09 14:43:00+00:00,2026-06-09,6E,2.0
6E_Z1712,2026-06-09 14:55:00+00:00,2026-06-09,6E,4.0
6E_Z1724,2026-06-09 15:44:00+00:00,2026-06-09,6E,6.0
6E_Z1736,2026-06-09 15:56:00+00:00,2026-06-09,6E,3.0
6E_Z1748,2026-06-09 16:08:00+00:00,2026-06-09,6E,5.0
6E_Z1760,2026-06-09 16:20:00+00:00,2026-06-09,6E,2.0
6E_Z1772,2026-06-09 16:32:00+00:00,2026-06-09,6E,4.0
6E_Z1784,2026-06-09 16:44:00+00:00,2026-06-09,6E,6.0
6E_Z1796,2026-06-09 16:56:00+00:00,2026-06-09,6E,3.0
6E_Z1808,2026-06-09 17:08:00+00:00,2026-06-09,6E,5.0
6E_Z1820,2026-06-09 17:20:00+00:00,2026-06-09,6E,2.0
6E_Z1832,2026-06-09 17:32:00+00:00,2026-06-09,6E,4.0
6E_Z1844,2026-06-09 17:44:00+00:00,2026-06-09,6E,6.0
6E_Z1856,2026-06-09 17:56:00+00:00,2026-06-09,6E,3.0
6E_Z1868,2026-06-09 18:09:00+00:00,2026-06-09,6E,5.0
6E_Z1880,2026-06-09 18:21:00+00:00,2026-06-09,6E,2.0
6E_Z1892,2026-06-09 18:34:00+00:00,2026-06-09,6E,4.0
6E_Z1904,2026-06-09 18:46:00+00:00,2026-06-09,6E,6.0
6E_Z1916,2026-06-09 18:58:00+00:00,2026-06-09,6E,3.0
6E_Z1928,2026-06-09 19:10:00+00:00,2026-06-09,6E,5.0
6E_Z1940,2026-06-09 19:22:00+00:00,2026-06-09,6E,2.0
6E_Z1952,2026-06-09 19:34:00+00:00,2026-06-09,6E,4.0
6E_Z1964,2026-06-09 19:46:00+00:00,2026-06-09,6E,6.0
6E_Z1976,2026-06-09 19:58:00+00:00,2026-06-09,6E,3.0
6E_Z1988,2026-06-09 20:11:00+00:00,2026-06-09,6E,5.0
6E_Z2000,2026-06-09 20:30:00+00:00,2026-06-09,6E,2.0
6E_Z2012,2026-06-09 20:51:00+00:00,2026-06-09,6E,4.0
6E_Z2024,2026-06-09 22:14:00+00:00,2026-06-09,6E,6.0
6E_Z2036,2026-06-09 22:52:00+00:00,2026-06-09,6E,3.0
6E_Z2048,2026-06-09 23:29:00+00:00,2026-06-09,6E,5.0
6E_Z2060,2026-06-09 23:57:00+00:00,2026-06-09,6E,2.0
6E_Z2072,2026-06-10 00:10:00+00:00,2026-06-10,6E,4.0
6E_Z2084,2026-06-10 00:23:00+00:00,2026-06-10,6E,6.0
6E_Z2096,2026-06-10 00:40:00+00:00,2026-06-10,6E,3.0
6E_Z2108,2026-06-10 00:57:00+00:00,2026-06-10,6E,5.0
6E_Z2120,2026-06-10 01:13:00+00:00,2026-06-10,6E,2.0
6E_Z2132,2026-06-10 01:30:00+00:00,2026-06-10,6E,4.0
6E_Z2144,2026-06-10 01:49:00+00:00,2026-06-10,6E,6.0
6E_Z2156,2026-06-10 02:07:00+00:00,2026-06-10,6E,3.0
6E_Z2168,2026-06-10 02:27:00+00:00,2026-06-10,6E,5.0
6E_Z2180,2026-06-10 02:50:00+00:00,2026-06-10,6E,2.0
6E_Z2192,2026-06-10 03:05:00+00:00,2026-06-10,6E,4.0
6E_Z2204,2026-06-10 03:19:00+00:00,2026-06-10,6E,6.0
6E_Z2216,2026-06-10 03:40:00+00:00,2026-06-10,6E,3.0
6E_Z2228,2026-06-10 03:57:00+00:00,2026-06-10,6E,5.0
6E_Z2240,2026-06-10 04:27:00+00:00,2026-06-10,6E,2.0
6E_Z2252,2026-06-10 04:53:00+00:00,2026-06-10,6E,4.0
6E_Z2264,2026-06-10 05:13:00+00:00,2026-06-10,6E,6.0
6E_Z2276,2026-06-10 05:33:00+00:00,2026-06-10,6E,3.0
6E_Z2288,2026-06-10 05:50:00+00:00,2026-06-10,6E,5.0
6E_Z2300,2026-06-10 06:09:00+00:00,2026-06-10,6E,2.0
6E_Z2312,2026-06-10 06:22:00+00:00,2026-06-10,6E,4.0
6E_Z2324,2026-06-10 06:40:00+00:00,2026-06-10,6E,6.0
6E_Z2336,2026-06-10 06:53:00+00:00,2026-06-10,6E,3.0
6E_Z2348,2026-06-10 07:06:00+00:00,2026-06-10,6E,5.0
6E_Z2360,2026-06-10 07:18:00+00:00,2026-06-10,6E,2.0
6E_Z2372,2026-06-10 07:30:00+00:00,2026-06-10,6E,4.0
6E_Z2384,2026-06-10 07:42:00+00:00,2026-06-10,6E,6.0
6E_Z2396,2026-06-10 07:54:00+00:00,2026-06-10,6E,3.0
6E_Z2408,2026-06-10 08:07:00+00:00,2026-06-10,6E,5.0
6E_Z2420,2026-06-10 08:19:00+00:00,2026-06-10,6E,2.0
6E_Z2432,2026-06-10 08:31:00+00:00,2026-06-10,6E,4.0
6E_Z2444,2026-06-10 08:45:00+00:00,2026-06-10,6E,6.0
6E_Z2456,2026-06-10 08:57:00+00:00,2026-06-10,6E,3.0
6E_Z2468,2026-06-10 09:09:00+00:00,2026-06-10,6E,5.0
6E_Z2480,2026-06-10 09:21:00+00:00,2026-06-10,6E,2.0
6E_Z2492,2026-06-10 09:33:00+00:00,2026-06-10,6E,4.0
6E_Z2504,2026-06-10 09:45:00+00:00,2026-06-10,6E,6.0
6E_Z2516,2026-06-10 09:57:00+00:00,2026-06-10,6E,3.0
6E_Z2528,2026-06-10 10:09:00+00:00,2026-06-10,6E,5.0
6E_Z2540,2026-06-10 10:21:00+00:00,2026-06-10,6E,2.0
6E_Z2552,2026-06-10 10:35:00+00:00,2026-06-10,6E,4.0
6E_Z2564,2026-06-10 10:49:00+00:00,2026-06-10,6E,6.0
6E_Z2576,2026-06-10 11:01:00+00:00,2026-06-10,6E,3.0
6E_Z2588,2026-06-10 11:13:00+00:00,2026-06-10,6E,5.0
6E_Z2600,2026-06-10 11:25:00+00:00,2026-06-10,6E,2.0
6E_Z2612,2026-06-10 11:37:00+00:00,2026-06-10,6E,4.0
6E_Z2624,2026-06-10 11:49:00+00:00,2026-06-10,6E,6.0
6E_Z2636,2026-06-10 12:01:00+00:00,2026-06-10,6E,3.0
6E_Z2648,2026-06-10 12:14:00+00:00,2026-06-10,6E,5.0
6E_Z2660,2026-06-10 12:26:00+00:00,2026-06-10,6E,2.0
6E_Z2672,2026-06-10 12:38:00+00:00,2026-06-10,6E,4.0
6E_Z2684,2026-06-10 12:50:00+00:00,2026-06-10,6E,6.0
6E_Z2696,2026-06-10 13:02:00+00:00,2026-06-10,6E,3.0
6E_Z2708,2026-06-10 13:14:00+00:00,2026-06-10,6E,5.0
6E_Z2720,2026-06-10 13:26:00+00:00,2026-06-10,6E,2.0
6E_Z2732,2026-06-10 13:38:00+00:00,2026-06-10,6E,4.0
6E_Z2744,2026-06-10 13:50:00+00:00,2026-06-10,6E,6.0
6E_Z2756,2026-06-10 14:02:00+00:00,2026-06-10,6E,3.0
6E_Z2768,2026-06-10 14:14:00+00:00,2026-06-10,6E,5.0
6E_Z2780,2026-06-10 14:26:00+00:00,2026-06-10,6E,2.0
6E_Z2792,2026-06-10 14:38:00+00:00,2026-06-10,6E,4.0
6E_Z2804,2026-06-10 14:50:00+00:00,2026-06-10,6E,6.0
6E_Z2816,2026-06-10 15:02:00+00:00,2026-06-10,6E,3.0
6E_Z2828,2026-06-10 15:14:00+00:00,2026-06-10,6E,5.0
6E_Z2840,2026-06-10 15:26:00+00:00,2026-06-10,6E,2.0
6E_Z2852,2026-06-10 15:38:00+00:00,2026-06-10,6E,4.0
6E_Z2864,2026-06-10 15:50:00+00:00,2026-06-10,6E,6.0
6E_Z2876,2026-06-10 16:02:00+00:00,2026-06-10,6E,3.0
6E_Z2888,2026-06-10 16:14:00+00:00,2026-06-10,6E,5.0
6E_Z2900,2026-06-10 16:26:00+00:00,2026-06-10,6E,2.0
6E_Z2912,2026-06-10 16:38:00+00:00,2026-06-10,6E,4.0
6E_Z2924,2026-06-10 16:50:00+00:00,2026-06-10,6E,6.0
6E_Z2936,2026-06-10 17:04:00+00:00,2026-06-10,6E,3.0
6E_Z2948,2026-06-10 17:16:00+00:00,2026-06-10,6E,5.0
6E_Z2960,2026-06-10 17:29:00+00:00,2026-06-10,6E,2.0
6E_Z2972,2026-06-10 17:42:00+00:00,2026-06-10,6E,4.0
6E_Z2984,2026-06-10 17:54:00+00:00,2026-06-10,6E,6.0
6E_Z2996,2026-06-10 18:06:00+00:00,2026-06-10,6E,3.0
6E_Z3008,2026-06-10 18:18:00+00:00,2026-06-10,6E,5.0
6E_Z3020,2026-06-10 18:30:00+00:00,2026-06-10,6E,2.0
6E_Z3032,2026-06-10 18:42:00+00:00,2026-06-10,6E,4.0
6E_Z3044,2026-06-10 18:54:00+00:00,2026-06-10,6E,6.0
6E_Z3056,2026-06-10 19:06:00+00:00,2026-06-10,6E,3.0
6E_Z3068,2026-06-10 19:20:00+00:00,2026-06-10,6E,5.0
6E_Z3080,2026-06-10 19:32:00+00:00,2026-06-10,6E,2.0
6E_Z3092,2026-06-10 19:44:00+00:00,2026-06-10,6E,4.0
6E_Z3104,2026-06-10 19:57:00+00:00,2026-06-10,6E,6.0
6E_Z3116,2026-06-10 20:09:00+00:00,2026-06-10,6E,3.0
6E_Z3128,2026-06-10 20:24:00+00:00,2026-06-10,6E,5.0
6E_Z3140,2026-06-10 20:40:00+00:00,2026-06-10,6E,2.0
6E_Z3152,2026-06-10 20:58:00+00:00,2026-06-10,6E,4.0
6E_Z3164,2026-06-10 22:14:00+00:00,2026-06-10,6E,6.0
6E_Z3176,2026-06-10 22:26:00+00:00,2026-06-10,6E,3.0
6E_Z3188,2026-06-10 22:38:00+00:00,2026-06-10,6E,5.0
6E_Z3200,2026-06-10 22:52:00+00:00,2026-06-10,6E,2.0
6E_Z3212,2026-06-10 23:04:00+00:00,2026-06-10,6E,4.0
6E_Z3224,2026-06-10 23:16:00+00:00,2026-06-10,6E,6.0
6E_Z3236,2026-06-10 23:29:00+00:00,2026-06-10,6E,3.0
6E_Z3248,2026-06-10 23:41:00+00:00,2026-06-10,6E,5.0
6E_Z3260,2026-06-10 23:55:00+00:00,2026-06-10,6E,2.0
6E_Z3272,2026-06-11 00:08:00+00:00,2026-06-11,6E,4.0
6E_Z3284,2026-06-11 00:20:00+00:00,2026-06-11,6E,6.0
6E_Z3296,2026-06-11 00:33:00+00:00,2026-06-11,6E,3.0
6E_Z3308,2026-06-11 00:46:00+00:00,2026-06-11,6E,5.0
6E_Z3320,2026-06-11 00:58:00+00:00,2026-06-11,6E,2.0
6E_Z3332,2026-06-11 01:10:00+00:00,2026-06-11,6E,4.0
6E_Z3344,2026-06-11 01:22:00+00:00,2026-06-11,6E,6.0
6E_Z3356,2026-06-11 01:34:00+00:00,2026-06-11,6E,3.0
6E_Z3368,2026-06-11 01:46:00+00:00,2026-06-11,6E,5.0
6E_Z3380,2026-06-11 01:58:00+00:00,2026-06-11,6E,2.0
6E_Z3392,2026-06-11 02:10:00+00:00,2026-06-11,6E,4.0
6E_Z3404,2026-06-11 02:26:00+00:00,2026-06-11,6E,6.0
6E_Z3416,2026-06-11 02:43:00+00:00,2026-06-11,6E,3.0
6E_Z3428,2026-06-11 02:58:00+00:00,2026-06-11,6E,5.0
6E_Z3440,2026-06-11 03:17:00+00:00,2026-06-11,6E,2.0
6E_Z3452,2026-06-11 03:35:00+00:00,2026-06-11,6E,4.0
6E_Z3464,2026-06-11 03:53:00+00:00,2026-06-11,6E,6.0
6E_Z3476,2026-06-11 04:07:00+00:00,2026-06-11,6E,3.0
6E_Z3488,2026-06-11 04:20:00+00:00,2026-06-11,6E,5.0
6E_Z3500,2026-06-11 04:38:00+00:00,2026-06-11,6E,2.0
6E_Z3512,2026-06-11 04:51:00+00:00,2026-06-11,6E,4.0
6E_Z3524,2026-06-11 05:06:00+00:00,2026-06-11,6E,6.0
6E_Z3536,2026-06-11 05:19:00+00:00,2026-06-11,6E,3.0
6E_Z3548,2026-06-11 05:32:00+00:00,2026-06-11,6E,5.0
6E_Z3560,2026-06-11 05:45:00+00:00,2026-06-11,6E,2.0
6E_Z3572,2026-06-11 05:59:00+00:00,2026-06-11,6E,4.0
6E_Z3584,2026-06-11 06:11:00+00:00,2026-06-11,6E,6.0
6E_Z3596,2026-06-11 06:23:00+00:00,2026-06-11,6E,3.0
6E_Z3608,2026-06-11 06:36:00+00:00,2026-06-11,6E,5.0
6E_Z3620,2026-06-11 06:49:00+00:00,2026-06-11,6E,2.0
6E_Z3632,2026-06-11 07:01:00+00:00,2026-06-11,6E,4.0
6E_Z3644,2026-06-11 07:13:00+00:00,2026-06-11,6E,6.0
6E_Z3656,2026-06-11 07:25:00+00:00,2026-06-11,6E,3.0
6E_Z3668,2026-06-11 07:37:00+00:00,2026-06-11,6E,5.0
6E_Z3680,2026-06-11 07:49:00+00:00,2026-06-11,6E,2.0
6E_Z3692,2026-06-11 08:01:00+00:00,2026-06-11,6E,4.0
6E_Z3704,2026-06-11 08:13:00+00:00,2026-06-11,6E,6.0
6E_Z3716,2026-06-11 08:26:00+00:00,2026-06-11,6E,3.0
6E_Z3728,2026-06-11 08:38:00+00:00,2026-06-11,6E,5.0
6E_Z3740,2026-06-11 08:50:00+00:00,2026-06-11,6E,2.0
6E_Z3752,2026-06-11 09:02:00+00:00,2026-06-11,6E,4.0
6E_Z3764,2026-06-11 09:14:00+00:00,2026-06-11,6E,6.0
6E_Z3776,2026-06-11 09:26:00+00:00,2026-06-11,6E,3.0
6E_Z3788,2026-06-11 09:38:00+00:00,2026-06-11,6E,5.0
6E_Z3800,2026-06-11 09:50:00+00:00,2026-06-11,6E,2.0
6E_Z3812,2026-06-11 10:02:00+00:00,2026-06-11,6E,4.0
6E_Z3824,2026-06-11 10:14:00+00:00,2026-06-11,6E,6.0
6E_Z3836,2026-06-11 10:26:00+00:00,2026-06-11,6E,3.0
6E_Z3848,2026-06-11 10:38:00+00:00,2026-06-11,6E,5.0
6E_Z3860,2026-06-11 10:50:00+00:00,2026-06-11,6E,2.0
6E_Z3872,2026-06-11 11:02:00+00:00,2026-06-11,6E,4.0
6E_Z3884,2026-06-11 11:14:00+00:00,2026-06-11,6E,6.0
6E_Z3896,2026-06-11 11:26:00+00:00,2026-06-11,6E,3.0
6E_Z3908,2026-06-11 11:38:00+00:00,2026-06-11,6E,5.0
6E_Z3920,2026-06-11 11:50:00+00:00,2026-06-11,6E,2.0
6E_Z3932,2026-06-11 12:02:00+00:00,2026-06-11,6E,4.0
6E_Z3944,2026-06-11 12:14:00+00:00,2026-06-11,6E,6.0
6E_Z3956,2026-06-11 12:26:00+00:00,2026-06-11,6E,3.0
6E_Z3968,2026-06-11 12:38:00+00:00,2026-06-11,6E,5.0
6E_Z3980,2026-06-11 12:50:00+00:00,2026-06-11,6E,2.0
6E_Z3992,2026-06-11 13:02:00+00:00,2026-06-11,6E,4.0
6E_Z4004,2026-06-11 13:14:00+00:00,2026-06-11,6E,6.0
6E_Z4016,2026-06-11 13:26:00+00:00,2026-06-11,6E,3.0
6E_Z4028,2026-06-11 13:38:00+00:00,2026-06-11,6E,5.0
6E_Z4040,2026-06-11 13:50:00+00:00,2026-06-11,6E,2.0
6E_Z4052,2026-06-11 14:02:00+00:00,2026-06-11,6E,4.0
6E_Z4064,2026-06-11 14:14:00+00:00,2026-06-11,6E,6.0
6E_Z4076,2026-06-11 14:26:00+00:00,2026-06-11,6E,3.0
6E_Z4088,2026-06-11 14:38:00+00:00,2026-06-11,6E,5.0
6E_Z4100,2026-06-11 14:50:00+00:00,2026-06-11,6E,2.0
6E_Z4112,2026-06-11 15:02:00+00:00,2026-06-11,6E,4.0
6E_Z4124,2026-06-11 15:14:00+00:00,2026-06-11,6E,6.0
6E_Z4136,2026-06-11 15:26:00+00:00,2026-06-11,6E,3.0
6E_Z4148,2026-06-11 15:38:00+00:00,2026-06-11,6E,5.0
6E_Z4160,2026-06-11 15:50:00+00:00,2026-06-11,6E,2.0
6E_Z4172,2026-06-11 16:02:00+00:00,2026-06-11,6E,4.0
6E_Z4184,2026-06-11 16:14:00+00:00,2026-06-11,6E,6.0
6E_Z4196,2026-06-11 16:26:00+00:00,2026-06-11,6E,3.0
6E_Z4208,2026-06-11 16:38:00+00:00,2026-06-11,6E,5.0
6E_Z4220,2026-06-11 16:51:00+00:00,2026-06-11,6E,2.0
6E_Z4232,2026-06-11 17:03:00+00:00,2026-06-11,6E,4.0
6E_Z4244,2026-06-11 17:15:00+00:00,2026-06-11,6E,6.0
6E_Z4256,2026-06-11 17:27:00+00:00,2026-06-11,6E,3.0
6E_Z4268,2026-06-11 17:39:00+00:00,2026-06-11,6E,5.0
6E_Z4280,2026-06-11 17:51:00+00:00,2026-06-11,6E,2.0
6E_Z4292,2026-06-11 18:03:00+00:00,2026-06-11,6E,4.0
6E_Z4304,2026-06-11 18:15:00+00:00,2026-06-11,6E,6.0
6E_Z4316,2026-06-11 18:27:00+00:00,2026-06-11,6E,3.0
6E_Z4328,2026-06-11 18:39:00+00:00,2026-06-11,6E,5.0
6E_Z4340,2026-06-11 18:51:00+00:00,2026-06-11,6E,2.0
6E_Z4352,2026-06-11 19:03:00+00:00,2026-06-11,6E,4.0
6E_Z4364,2026-06-11 19:15:00+00:00,2026-06-11,6E,6.0
6E_Z4376,2026-06-11 19:27:00+00:00,2026-06-11,6E,3.0
6E_Z4388,2026-06-11 19:39:00+00:00,2026-06-11,6E,5.0
6E_Z4400,2026-06-11 19:51:00+00:00,2026-06-11,6E,2.0
6E_Z4412,2026-06-11 20:03:00+00:00,2026-06-11,6E,4.0
6E_Z4424,2026-06-11 20:15:00+00:00,2026-06-11,6E,6.0
6E_Z4436,2026-06-11 20:27:00+00:00,2026-06-11,6E,3.0
6E_Z4448,2026-06-11 20:39:00+00:00,2026-06-11,6E,5.0
6E_Z4460,2026-06-11 20:51:00+00:00,2026-06-11,6E,2.0
6E_Z4472,2026-06-11 22:03:00+00:00,2026-06-11,6E,4.0
6E_Z4484,2026-06-11 22:15:00+00:00,2026-06-11,6E,6.0
6E_Z4496,2026-06-11 22:27:00+00:00,2026-06-11,6E,3.0
6E_Z4508,2026-06-11 22:40:00+00:00,2026-06-11,6E,5.0
6E_Z4520,2026-06-11 22:52:00+00:00,2026-06-11,6E,2.0
6E_Z4532,2026-06-11 23:04:00+00:00,2026-06-11,6E,4.0
6E_Z4544,2026-06-11 23:17:00+00:00,2026-06-11,6E,6.0
6E_Z4556,2026-06-11 23:29:00+00:00,2026-06-11,6E,3.0
6E_Z4568,2026-06-11 23:41:00+00:00,2026-06-11,6E,5.0
6E_Z4580,2026-06-11 23:53:00+00:00,2026-06-11,6E,2.0
6E_Z4592,2026-06-12 00:05:00+00:00,2026-06-12,6E,4.0
6E_Z4604,2026-06-12 00:17:00+00:00,2026-06-12,6E,6.0
6E_Z4616,2026-06-12 00:29:00+00:00,2026-06-12,6E,3.0
6E_Z4628,2026-06-12 00:41:00+00:00,2026-06-12,6E,5.0
6E_Z4640,2026-06-12 00:53:00+00:00,2026-06-12,6E,2.0
6E_Z4652,2026-06-12 01:05:00+00:00,2026-06-12,6E,4.0
6E_Z4664,2026-06-12 01:17:00+00:00,2026-06-12,6E,6.0
6E_Z4676,2026-06-12 01:29:00+00:00,2026-06-12,6E,3.0
6E_Z4688,2026-06-12 01:41:00+00:00,2026-06-12,6E,5.0
6E_Z4700,2026-06-12 01:53:00+00:00,2026-06-12,6E,2.0
6E_Z4712,2026-06-12 02:05:00+00:00,2026-06-12,6E,4.0
6E_Z4724,2026-06-12 02:17:00+00:00,2026-06-12,6E,6.0
6E_Z4736,2026-06-12 02:29:00+00:00,2026-06-12,6E,3.0
6E_Z4748,2026-06-12 02:41:00+00:00,2026-06-12,6E,5.0
6E_Z4760,2026-06-12 02:53:00+00:00,2026-06-12,6E,2.0
6E_Z4772,2026-06-12 03:05:00+00:00,2026-06-12,6E,4.0
6E_Z4784,2026-06-12 03:17:00+00:00,2026-06-12,6E,6.0
6E_Z4796,2026-06-12 03:30:00+00:00,2026-06-12,6E,3.0
6E_Z4808,2026-06-12 03:42:00+00:00,2026-06-12,6E,5.0
6E_Z4820,2026-06-12 03:55:00+00:00,2026-06-12,6E,2.0
6E_Z4832,2026-06-12 04:08:00+00:00,2026-06-12,6E,4.0
6E_Z4844,2026-06-12 04:21:00+00:00,2026-06-12,6E,6.0
6E_Z4856,2026-06-12 04:36:00+00:00,2026-06-12,6E,3.0
6E_Z4868,2026-06-12 04:48:00+00:00,2026-06-12,6E,5.0
6E_Z4880,2026-06-12 05:01:00+00:00,2026-06-12,6E,2.0
6E_Z4892,2026-06-12 05:13:00+00:00,2026-06-12,6E,4.0
6E_Z4904,2026-06-12 05:26:00+00:00,2026-06-12,6E,6.0
6E_Z4916,2026-06-12 05:38:00+00:00,2026-06-12,6E,3.0
6E_Z4928,2026-06-12 05:50:00+00:00,2026-06-12,6E,5.0
6E_Z4940,2026-06-12 06:02:00+00:00,2026-06-12,6E,2.0
6E_Z4952,2026-06-12 06:14:00+00:00,2026-06-12,6E,4.0
6E_Z4964,2026-06-12 06:26:00+00:00,2026-06-12,6E,6.0
6E_Z4976,2026-06-12 06:38:00+00:00,2026-06-12,6E,3.0
6E_Z4988,2026-06-12 06:50:00+00:00,2026-06-12,6E,5.0
6E_Z5000,2026-06-12 07:02:00+00:00,2026-06-12,6E,2.0
6E_Z5012,2026-06-12 07:14:00+00:00,2026-06-12,6E,4.0
6E_Z5024,2026-06-12 07:26:00+00:00,2026-06-12,6E,6.0
6E_Z5036,2026-06-12 07:38:00+00:00,2026-06-12,6E,3.0
6E_Z5048,2026-06-12 07:50:00+00:00,2026-06-12,6E,5.0
6E_Z5060,2026-06-12 08:02:00+00:00,2026-06-12,6E,2.0
6E_Z5072,2026-06-12 08:14:00+00:00,2026-06-12,6E,4.0
6E_Z5084,2026-06-12 08:26:00+00:00,2026-06-12,6E,6.0
6E_Z5096,2026-06-12 08:38:00+00:00,2026-06-12,6E,3.0
6E_Z5108,2026-06-12 08:50:00+00:00,2026-06-12,6E,5.0
6E_Z5120,2026-06-12 09:02:00+00:00,2026-06-12,6E,2.0
6E_Z5132,2026-06-12 09:14:00+00:00,2026-06-12,6E,4.0
6E_Z5144,2026-06-12 09:26:00+00:00,2026-06-12,6E,6.0
6E_Z5156,2026-06-12 09:38:00+00:00,2026-06-12,6E,3.0
6E_Z5168,2026-06-12 09:50:00+00:00,2026-06-12,6E,5.0
6E_Z5180,2026-06-12 10:02:00+00:00,2026-06-12,6E,2.0
6E_Z5192,2026-06-12 10:14:00+00:00,2026-06-12,6E,4.0
6E_Z5204,2026-06-12 10:26:00+00:00,2026-06-12,6E,6.0
6E_Z5216,2026-06-12 10:38:00+00:00,2026-06-12,6E,3.0
6E_Z5228,2026-06-12 10:50:00+00:00,2026-06-12,6E,5.0
6E_Z5240,2026-06-12 11:02:00+00:00,2026-06-12,6E,2.0
6E_Z5252,2026-06-12 11:14:00+00:00,2026-06-12,6E,4.0
6E_Z5264,2026-06-12 11:26:00+00:00,2026-06-12,6E,6.0
6E_Z5276,2026-06-12 11:38:00+00:00,2026-06-12,6E,3.0
6E_Z5288,2026-06-12 11:50:00+00:00,2026-06-12,6E,5.0
6E_Z5300,2026-06-12 12:02:00+00:00,2026-06-12,6E,2.0
6E_Z5312,2026-06-12 12:14:00+00:00,2026-06-12,6E,4.0
6E_Z5324,2026-06-12 12:26:00+00:00,2026-06-12,6E,6.0
6E_Z5336,2026-06-12 12:38:00+00:00,2026-06-12,6E,3.0
6E_Z5348,2026-06-12 12:50:00+00:00,2026-06-12,6E,5.0
6E_Z5360,2026-06-12 13:02:00+00:00,2026-06-12,6E,2.0
6E_Z5372,2026-06-12 13:14:00+00:00,2026-06-12,6E,4.0
6E_Z5384,2026-06-12 13:26:00+00:00,2026-06-12,6E,6.0
6E_Z5396,2026-06-12 13:38:00+00:00,2026-06-12,6E,3.0
6E_Z5408,2026-06-12 13:50:00+00:00,2026-06-12,6E,5.0
6E_Z5420,2026-06-12 14:02:00+00:00,2026-06-12,6E,2.0
6E_Z5432,2026-06-12 14:14:00+00:00,2026-06-12,6E,4.0
6E_Z5444,2026-06-12 14:26:00+00:00,2026-06-12,6E,6.0
6E_Z5456,2026-06-12 14:38:00+00:00,2026-06-12,6E,3.0
6E_Z5468,2026-06-12 14:50:00+00:00,2026-06-12,6E,5.0
6E_Z5480,2026-06-12 15:02:00+00:00,2026-06-12,6E,2.0
6E_Z5492,2026-06-12 15:14:00+00:00,2026-06-12,6E,4.0
6E_Z5504,2026-06-12 15:26:00+00:00,2026-06-12,6E,6.0
6E_Z5516,2026-06-12 15:38:00+00:00,2026-06-12,6E,3.0
6E_Z5528,2026-06-12 15:50:00+00:00,2026-06-12,6E,5.0
6E_Z5540,2026-06-12 16:02:00+00:00,2026-06-12,6E,2.0
6E_Z5552,2026-06-12 16:14:00+00:00,2026-06-12,6E,4.0
6E_Z5564,2026-06-12 16:26:00+00:00,2026-06-12,6E,6.0
6E_Z5576,2026-06-12 16:38:00+00:00,2026-06-12,6E,3.0
6E_Z5588,2026-06-12 16:50:00+00:00,2026-06-12,6E,5.0
6E_Z5600,2026-06-12 17:02:00+00:00,2026-06-12,6E,2.0
6E_Z5612,2026-06-12 17:14:00+00:00,2026-06-12,6E,4.0
6E_Z5624,2026-06-12 17:26:00+00:00,2026-06-12,6E,6.0
6E_Z5636,2026-06-12 17:38:00+00:00,2026-06-12,6E,3.0
6E_Z5648,2026-06-12 17:50:00+00:00,2026-06-12,6E,5.0
6E_Z5660,2026-06-12 18:02:00+00:00,2026-06-12,6E,2.0
6E_Z5672,2026-06-12 18:14:00+00:00,2026-06-12,6E,4.0
6E_Z5684,2026-06-12 18:26:00+00:00,2026-06-12,6E,6.0
6E_Z5696,2026-06-12 18:38:00+00:00,2026-06-12,6E,3.0
6E_Z5708,2026-06-12 18:51:00+00:00,2026-06-12,6E,5.0
6E_Z5720,2026-06-12 19:03:00+00:00,2026-06-12,6E,2.0
6E_Z5732,2026-06-12 19:15:00+00:00,2026-06-12,6E,4.0
6E_Z5744,2026-06-12 19:27:00+00:00,2026-06-12,6E,6.0
6E_Z5756,2026-06-12 19:39:00+00:00,2026-06-12,6E,3.0
6E_Z5768,2026-06-12 19:51:00+00:00,2026-06-12,6E,5.0
6E_Z5780,2026-06-12 20:03:00+00:00,2026-06-12,6E,2.0
6E_Z5792,2026-06-12 20:15:00+00:00,2026-06-12,6E,4.0
6E_Z5804,2026-06-12 20:27:00+00:00,2026-06-12,6E,6.0
6E_Z5816,2026-06-12 20:39:00+00:00,2026-06-12,6E,3.0
6E_Z5828,2026-06-12 20:53:00+00:00,2026-06-12,6E,5.0
6E_Z5840,2026-06-14 22:05:00+00:00,2026-06-14,6E,2.0
6E_Z5852,2026-06-14 22:17:00+00:00,2026-06-14,6E,4.0
6E_Z5864,2026-06-14 22:29:00+00:00,2026-06-14,6E,6.0
6E_Z5876,2026-06-14 22:41:00+00:00,2026-06-14,6E,3.0
6E_Z5888,2026-06-14 22:53:00+00:00,2026-06-14,6E,5.0
6E_Z5900,2026-06-14 23:05:00+00:00,2026-06-14,6E,2.0
6E_Z5912,2026-06-14 23:17:00+00:00,2026-06-14,6E,4.0
6E_Z5924,2026-06-14 23:29:00+00:00,2026-06-14,6E,6.0
6E_Z5936,2026-06-14 23:41:00+00:00,2026-06-14,6E,3.0
6E_Z5948,2026-06-14 23:53:00+00:00,2026-06-14,6E,5.0
6E_Z5960,2026-06-15 00:05:00+00:00,2026-06-15,6E,2.0
6E_Z5972,2026-06-15 00:17:00+00:00,2026-06-15,6E,4.0
6E_Z5984,2026-06-15 00:29:00+00:00,2026-06-15,6E,6.0
6E_Z5996,2026-06-15 00:41:00+00:00,2026-06-15,6E,3.0
6E_Z6008,2026-06-15 00:53:00+00:00,2026-06-15,6E,5.0
6E_Z6020,2026-06-15 01:05:00+00:00,2026-06-15,6E,2.0
6E_Z6032,2026-06-15 01:17:00+00:00,2026-06-15,6E,4.0
6E_Z6044,2026-06-15 01:29:00+00:00,2026-06-15,6E,6.0
6E_Z6056,2026-06-15 01:41:00+00:00,2026-06-15,6E,3.0
6E_Z6068,2026-06-15 01:53:00+00:00,2026-06-15,6E,5.0
6E_Z6080,2026-06-15 02:05:00+00:00,2026-06-15,6E,2.0
6E_Z6092,2026-06-15 02:19:00+00:00,2026-06-15,6E,4.0
6E_Z6104,2026-06-15 02:31:00+00:00,2026-06-15,6E,6.0
6E_Z6116,2026-06-15 02:44:00+00:00,2026-06-15,6E,3.0
6E_Z6128,2026-06-15 02:57:00+00:00,2026-06-15,6E,5.0
6E_Z6140,2026-06-15 03:10:00+00:00,2026-06-15,6E,2.0
6E_Z6152,2026-06-15 03:23:00+00:00,2026-06-15,6E,4.0
6E_Z6164,2026-06-15 03:35:00+00:00,2026-06-15,6E,6.0
6E_Z6176,2026-06-15 03:47:00+00:00,2026-06-15,6E,3.0
6E_Z6188,2026-06-15 03:59:00+00:00,2026-06-15,6E,5.0
6E_Z6200,2026-06-15 04:14:00+00:00,2026-06-15,6E,2.0
6E_Z6212,2026-06-15 04:27:00+00:00,2026-06-15,6E,4.0
6E_Z6224,2026-06-15 04:39:00+00:00,2026-06-15,6E,6.0
6E_Z6236,2026-06-15 04:51:00+00:00,2026-06-15,6E,3.0
6E_Z6248,2026-06-15 05:03:00+00:00,2026-06-15,6E,5.0
6E_Z6260,2026-06-15 05:15:00+00:00,2026-06-15,6E,2.0
6E_Z6272,2026-06-15 05:27:00+00:00,2026-06-15,6E,4.0
6E_Z6284,2026-06-15 05:39:00+00:00,2026-06-15,6E,6.0
6E_Z6296,2026-06-15 05:51:00+00:00,2026-06-15,6E,3.0
6E_Z6308,2026-06-15 06:03:00+00:00,2026-06-15,6E,5.0
6E_Z6320,2026-06-15 06:15:00+00:00,2026-06-15,6E,2.0
6E_Z6332,2026-06-15 06:27:00+00:00,2026-06-15,6E,4.0
6E_Z6344,2026-06-15 06:39:00+00:00,2026-06-15,6E,6.0
6E_Z6356,2026-06-15 06:51:00+00:00,2026-06-15,6E,3.0
6E_Z6368,2026-06-15 07:03:00+00:00,2026-06-15,6E,5.0
6E_Z6380,2026-06-15 07:15:00+00:00,2026-06-15,6E,2.0
6E_Z6392,2026-06-15 07:27:00+00:00,2026-06-15,6E,4.0
6E_Z6404,2026-06-15 07:39:00+00:00,2026-06-15,6E,6.0
6E_Z6416,2026-06-15 07:51:00+00:00,2026-06-15,6E,3.0
6E_Z6428,2026-06-15 08:03:00+00:00,2026-06-15,6E,5.0
6E_Z6440,2026-06-15 08:15:00+00:00,2026-06-15,6E,2.0
6E_Z6452,2026-06-15 08:27:00+00:00,2026-06-15,6E,4.0
6E_Z6464,2026-06-15 08:39:00+00:00,2026-06-15,6E,6.0
6E_Z6476,2026-06-15 08:51:00+00:00,2026-06-15,6E,3.0
6E_Z6488,2026-06-15 09:03:00+00:00,2026-06-15,6E,5.0
6E_Z6500,2026-06-15 09:15:00+00:00,2026-06-15,6E,2.0
6E_Z6512,2026-06-15 09:27:00+00:00,2026-06-15,6E,4.0
6E_Z6524,2026-06-15 09:39:00+00:00,2026-06-15,6E,6.0
6E_Z6536,2026-06-15 09:51:00+00:00,2026-06-15,6E,3.0
6E_Z6548,2026-06-15 10:03:00+00:00,2026-06-15,6E,5.0
6E_Z6560,2026-06-15 10:15:00+00:00,2026-06-15,6E,2.0
6E_Z6572,2026-06-15 10:27:00+00:00,2026-06-15,6E,4.0
6E_Z6584,2026-06-15 10:39:00+00:00,2026-06-15,6E,6.0
6E_Z6596,2026-06-15 10:51:00+00:00,2026-06-15,6E,3.0
6E_Z6608,2026-06-15 11:03:00+00:00,2026-06-15,6E,5.0
6E_Z6620,2026-06-15 11:15:00+00:00,2026-06-15,6E,2.0
6E_Z6632,2026-06-15 11:27:00+00:00,2026-06-15,6E,4.0
6E_Z6644,2026-06-15 11:39:00+00:00,2026-06-15,6E,6.0
6E_Z6656,2026-06-15 11:51:00+00:00,2026-06-15,6E,3.0
6E_Z6668,2026-06-15 12:03:00+00:00,2026-06-15,6E,5.0
6E_Z6680,2026-06-15 12:15:00+00:00,2026-06-15,6E,2.0
6E_Z6692,2026-06-15 12:27:00+00:00,2026-06-15,6E,4.0
6E_Z6704,2026-06-15 12:39:00+00:00,2026-06-15,6E,6.0
6E_Z6716,2026-06-15 12:51:00+00:00,2026-06-15,6E,3.0
6E_Z6728,2026-06-15 13:03:00+00:00,2026-06-15,6E,5.0
6E_Z6740,2026-06-15 13:15:00+00:00,2026-06-15,6E,2.0
6E_Z6752,2026-06-15 13:27:00+00:00,2026-06-15,6E,4.0
6E_Z6764,2026-06-15 13:39:00+00:00,2026-06-15,6E,6.0
6E_Z6776,2026-06-15 13:51:00+00:00,2026-06-15,6E,3.0
6E_Z6788,2026-06-15 14:03:00+00:00,2026-06-15,6E,5.0
6E_Z6800,2026-06-15 14:15:00+00:00,2026-06-15,6E,2.0
6E_Z6812,2026-06-15 14:27:00+00:00,2026-06-15,6E,4.0
6E_Z6824,2026-06-15 14:39:00+00:00,2026-06-15,6E,6.0
6E_Z6836,2026-06-15 14:51:00+00:00,2026-06-15,6E,3.0
6E_Z6848,2026-06-15 15:03:00+00:00,2026-06-15,6E,5.0
6E_Z6860,2026-06-15 15:15:00+00:00,2026-06-15,6E,2.0
6E_Z6872,2026-06-15 15:27:00+00:00,2026-06-15,6E,4.0
6E_Z6884,2026-06-15 15:39:00+00:00,2026-06-15,6E,6.0
6E_Z6896,2026-06-15 15:51:00+00:00,2026-06-15,6E,3.0
6E_Z6908,2026-06-15 16:03:00+00:00,2026-06-15,6E,5.0
6E_Z6920,2026-06-15 16:15:00+00:00,2026-06-15,6E,2.0
6E_Z6932,2026-06-15 16:27:00+00:00,2026-06-15,6E,4.0
6E_Z6944,2026-06-15 16:39:00+00:00,2026-06-15,6E,6.0
6E_Z6956,2026-06-15 16:51:00+00:00,2026-06-15,6E,3.0
6E_Z6968,2026-06-15 17:03:00+00:00,2026-06-15,6E,5.0
6E_Z6980,2026-06-15 17:15:00+00:00,2026-06-15,6E,2.0
6E_Z6992,2026-06-15 17:27:00+00:00,2026-06-15,6E,4.0
6E_Z7004,2026-06-15 17:39:00+00:00,2026-06-15,6E,6.0
6E_Z7016,2026-06-15 17:51:00+00:00,2026-06-15,6E,3.0
6E_Z7028,2026-06-15 18:03:00+00:00,2026-06-15,6E,5.0
6E_Z7040,2026-06-15 18:15:00+00:00,2026-06-15,6E,2.0
6E_Z7052,2026-06-15 18:27:00+00:00,2026-06-15,6E,4.0
6E_Z7064,2026-06-15 18:39:00+00:00,2026-06-15,6E,6.0
6E_Z7076,2026-06-15 18:51:00+00:00,2026-06-15,6E,3.0
6E_Z7088,2026-06-15 19:03:00+00:00,2026-06-15,6E,5.0
6E_Z7100,2026-06-15 19:15:00+00:00,2026-06-15,6E,2.0
6E_Z7112,2026-06-15 19:27:00+00:00,2026-06-15,6E,4.0
6E_Z7124,2026-06-15 19:39:00+00:00,2026-06-15,6E,6.0
6E_Z7136,2026-06-15 19:51:00+00:00,2026-06-15,6E,3.0
6E_Z7148,2026-06-15 20:03:00+00:00,2026-06-15,6E,5.0
6E_Z7160,2026-06-15 20:15:00+00:00,2026-06-15,6E,2.0
6E_Z7172,2026-06-15 20:27:00+00:00,2026-06-15,6E,4.0
6E_Z7184,2026-06-15 20:39:00+00:00,2026-06-15,6E,6.0
6E_Z7196,2026-06-15 20:51:00+00:00,2026-06-15,6E,3.0
6E_Z7208,2026-06-15 22:04:00+00:00,2026-06-15,6E,5.0
6E_Z7220,2026-06-15 22:17:00+00:00,2026-06-15,6E,2.0
6E_Z7232,2026-06-15 22:35:00+00:00,2026-06-15,6E,4.0
6E_Z7244,2026-06-15 22:50:00+00:00,2026-06-15,6E,6.0
6E_Z7256,2026-06-15 23:07:00+00:00,2026-06-15,6E,3.0
6E_Z7268,2026-06-15 23:20:00+00:00,2026-06-15,6E,5.0
6E_Z7280,2026-06-15 23:41:00+00:00,2026-06-15,6E,2.0
6E_Z7292,2026-06-15 23:54:00+00:00,2026-06-15,6E,4.0
6E_Z7304,2026-06-16 00:06:00+00:00,2026-06-16,6E,6.0
6E_Z7316,2026-06-16 00:18:00+00:00,2026-06-16,6E,3.0
6E_Z7328,2026-06-16 00:31:00+00:00,2026-06-16,6E,5.0
6E_Z7340,2026-06-16 00:43:00+00:00,2026-06-16,6E,2.0
6E_Z7352,2026-06-16 00:57:00+00:00,2026-06-16,6E,4.0
6E_Z7364,2026-06-16 01:09:00+00:00,2026-06-16,6E,6.0
6E_Z7376,2026-06-16 01:21:00+00:00,2026-06-16,6E,3.0
6E_Z7388,2026-06-16 01:33:00+00:00,2026-06-16,6E,5.0
6E_Z7400,2026-06-16 01:45:00+00:00,2026-06-16,6E,2.0
6E_Z7412,2026-06-16 01:58:00+00:00,2026-06-16,6E,4.0
6E_Z7424,2026-06-16 02:10:00+00:00,2026-06-16,6E,6.0
6E_Z7436,2026-06-16 02:23:00+00:00,2026-06-16,6E,3.0
6E_Z7448,2026-06-16 02:35:00+00:00,2026-06-16,6E,5.0
6E_Z7460,2026-06-16 02:48:00+00:00,2026-06-16,6E,2.0
6E_Z7472,2026-06-16 03:00:00+00:00,2026-06-16,6E,4.0
6E_Z7484,2026-06-16 03:14:00+00:00,2026-06-16,6E,6.0
6E_Z7496,2026-06-16 03:27:00+00:00,2026-06-16,6E,3.0
6E_Z7508,2026-06-16 03:39:00+00:00,2026-06-16,6E,5.0
6E_Z7520,2026-06-16 03:52:00+00:00,2026-06-16,6E,2.0
6E_Z7532,2026-06-16 04:05:00+00:00,2026-06-16,6E,4.0
6E_Z7544,2026-06-16 04:17:00+00:00,2026-06-16,6E,6.0
6E_Z7556,2026-06-16 04:29:00+00:00,2026-06-16,6E,3.0
6E_Z7568,2026-06-16 04:41:00+00:00,2026-06-16,6E,5.0
6E_Z7580,2026-06-16 04:54:00+00:00,2026-06-16,6E,2.0
6E_Z7592,2026-06-16 05:06:00+00:00,2026-06-16,6E,4.0
6E_Z7604,2026-06-16 05:19:00+00:00,2026-06-16,6E,6.0
6E_Z7616,2026-06-16 05:32:00+00:00,2026-06-16,6E,3.0
6E_Z7628,2026-06-16 05:44:00+00:00,2026-06-16,6E,5.0
6E_Z7640,2026-06-16 05:58:00+00:00,2026-06-16,6E,2.0
6E_Z7652,2026-06-16 06:10:00+00:00,2026-06-16,6E,4.0
6E_Z7664,2026-06-16 06:22:00+00:00,2026-06-16,6E,6.0
6E_Z7676,2026-06-16 06:34:00+00:00,2026-06-16,6E,3.0
6E_Z7688,2026-06-16 06:46:00+00:00,2026-06-16,6E,5.0
6E_Z7700,2026-06-16 06:58:00+00:00,2026-06-16,6E,2.0
6E_Z7712,2026-06-16 07:10:00+00:00,2026-06-16,6E,4.0
6E_Z7724,2026-06-16 07:22:00+00:00,2026-06-16,6E,6.0
6E_Z7736,2026-06-16 07:34:00+00:00,2026-06-16,6E,3.0
6E_Z7748,2026-06-16 07:46:00+00:00,2026-06-16,6E,5.0
6E_Z7760,2026-06-16 07:58:00+00:00,2026-06-16,6E,2.0
6E_Z7772,2026-06-16 08:10:00+00:00,2026-06-16,6E,4.0
6E_Z7784,2026-06-16 08:22:00+00:00,2026-06-16,6E,6.0
6E_Z7796,2026-06-16 08:34:00+00:00,2026-06-16,6E,3.0
6E_Z7808,2026-06-16 08:46:00+00:00,2026-06-16,6E,5.0
6E_Z7820,2026-06-16 08:58:00+00:00,2026-06-16,6E,2.0
6E_Z7832,2026-06-16 09:10:00+00:00,2026-06-16,6E,4.0
6E_Z7844,2026-06-16 09:22:00+00:00,2026-06-16,6E,6.0
6E_Z7856,2026-06-16 09:34:00+00:00,2026-06-16,6E,3.0
6E_Z7868,2026-06-16 09:46:00+00:00,2026-06-16,6E,5.0
6E_Z7880,2026-06-16 09:58:00+00:00,2026-06-16,6E,2.0
6E_Z7892,2026-06-16 10:10:00+00:00,2026-06-16,6E,4.0
6E_Z7904,2026-06-16 10:22:00+00:00,2026-06-16,6E,6.0
6E_Z7916,2026-06-16 10:34:00+00:00,2026-06-16,6E,3.0
6E_Z7928,2026-06-16 10:46:00+00:00,2026-06-16,6E,5.0
6E_Z7940,2026-06-16 10:58:00+00:00,2026-06-16,6E,2.0
6E_Z7952,2026-06-16 11:10:00+00:00,2026-06-16,6E,4.0
6E_Z7964,2026-06-16 11:22:00+00:00,2026-06-16,6E,6.0
6E_Z7976,2026-06-16 11:34:00+00:00,2026-06-16,6E,3.0
6E_Z7988,2026-06-16 11:46:00+00:00,2026-06-16,6E,5.0
6E_Z8000,2026-06-16 11:58:00+00:00,2026-06-16,6E,2.0
6E_Z8012,2026-06-16 12:10:00+00:00,2026-06-16,6E,4.0
6E_Z8024,2026-06-16 12:22:00+00:00,2026-06-16,6E,6.0
6E_Z8036,2026-06-16 12:34:00+00:00,2026-06-16,6E,3.0
6E_Z8048,2026-06-16 12:46:00+00:00,2026-06-16,6E,5.0
6E_Z8060,2026-06-16 12:58:00+00:00,2026-06-16,6E,2.0
6E_Z8072,2026-06-16 13:10:00+00:00,2026-06-16,6E,4.0
6E_Z8084,2026-06-16 13:22:00+00:00,2026-06-16,6E,6.0
6E_Z8096,2026-06-16 13:34:00+00:00,2026-06-16,6E,3.0
6E_Z8108,2026-06-16 13:46:00+00:00,2026-06-16,6E,5.0
6E_Z8120,2026-06-16 13:58:00+00:00,2026-06-16,6E,2.0
6E_Z8132,2026-06-16 14:10:00+00:00,2026-06-16,6E,4.0
6E_Z8144,2026-06-16 14:22:00+00:00,2026-06-16,6E,6.0
6E_Z8156,2026-06-16 14:34:00+00:00,2026-06-16,6E,3.0
6E_Z8168,2026-06-16 14:46:00+00:00,2026-06-16,6E,5.0
6E_Z8180,2026-06-16 14:58:00+00:00,2026-06-16,6E,2.0
6E_Z8192,2026-06-16 15:10:00+00:00,2026-06-16,6E,4.0
6E_Z8204,2026-06-16 15:22:00+00:00,2026-06-16,6E,6.0
6E_Z8216,2026-06-16 15:34:00+00:00,2026-06-16,6E,3.0
6E_Z8228,2026-06-16 15:46:00+00:00,2026-06-16,6E,5.0
6E_Z8240,2026-06-16 15:58:00+00:00,2026-06-16,6E,2.0
6E_Z8252,2026-06-16 16:10:00+00:00,2026-06-16,6E,4.0
6E_Z8264,2026-06-16 16:22:00+00:00,2026-06-16,6E,6.0
6E_Z8276,2026-06-16 16:34:00+00:00,2026-06-16,6E,3.0
6E_Z8288,2026-06-16 16:46:00+00:00,2026-06-16,6E,5.0
6E_Z8300,2026-06-16 16:58:00+00:00,2026-06-16,6E,2.0
6E_Z8312,2026-06-16 17:10:00+00:00,2026-06-16,6E,4.0
6E_Z8324,2026-06-16 17:22:00+00:00,2026-06-16,6E,6.0
6E_Z8336,2026-06-16 17:34:00+00:00,2026-06-16,6E,3.0
6E_Z8348,2026-06-16 17:46:00+00:00,2026-06-16,6E,5.0
6E_Z8360,2026-06-16 17:58:00+00:00,2026-06-16,6E,2.0
6E_Z8372,2026-06-16 18:10:00+00:00,2026-06-16,6E,4.0
6E_Z8384,2026-06-16 18:22:00+00:00,2026-06-16,6E,6.0
6E_Z8396,2026-06-16 18:34:00+00:00,2026-06-16,6E,3.0
6E_Z8408,2026-06-16 18:46:00+00:00,2026-06-16,6E,5.0
6E_Z8420,2026-06-16 18:58:00+00:00,2026-06-16,6E,2.0
6E_Z8432,2026-06-16 19:10:00+00:00,2026-06-16,6E,4.0
6E_Z8444,2026-06-16 19:22:00+00:00,2026-06-16,6E,6.0
6E_Z8456,2026-06-16 19:34:00+00:00,2026-06-16,6E,3.0
6E_Z8468,2026-06-16 19:46:00+00:00,2026-06-16,6E,5.0
6E_Z8480,2026-06-16 19:58:00+00:00,2026-06-16,6E,2.0
6E_Z8492,2026-06-16 20:12:00+00:00,2026-06-16,6E,4.0
6E_Z8504,2026-06-16 20:24:00+00:00,2026-06-16,6E,6.0
6E_Z8516,2026-06-16 20:36:00+00:00,2026-06-16,6E,3.0
6E_Z8528,2026-06-16 20:48:00+00:00,2026-06-16,6E,5.0
6E_Z8540,2026-06-16 22:00:00+00:00,2026-06-16,6E,2.0
6E_Z8552,2026-06-16 22:15:00+00:00,2026-06-16,6E,4.0
6E_Z8564,2026-06-16 22:30:00+00:00,2026-06-16,6E,6.0
6E_Z8576,2026-06-16 22:44:00+00:00,2026-06-16,6E,3.0
6E_Z8588,2026-06-16 23:01:00+00:00,2026-06-16,6E,5.0
6E_Z8600,2026-06-16 23:16:00+00:00,2026-06-16,6E,2.0
6E_Z8612,2026-06-16 23:33:00+00:00,2026-06-16,6E,4.0
6E_Z8624,2026-06-16 23:50:00+00:00,2026-06-16,6E,6.0
6E_Z8636,2026-06-17 00:02:00+00:00,2026-06-17,6E,3.0
6E_Z8648,2026-06-17 00:14:00+00:00,2026-06-17,6E,5.0
6E_Z8660,2026-06-17 00:26:00+00:00,2026-06-17,6E,2.0
6E_Z8672,2026-06-17 00:38:00+00:00,2026-06-17,6E,4.0
6E_Z8684,2026-06-17 00:51:00+00:00,2026-06-17,6E,6.0
6E_Z8696,2026-06-17 01:03:00+00:00,2026-06-17,6E,3.0
6E_Z8708,2026-06-17 01:17:00+00:00,2026-06-17,6E,5.0
6E_Z8720,2026-06-17 01:30:00+00:00,2026-06-17,6E,2.0
6E_Z8732,2026-06-17 01:42:00+00:00,2026-06-17,6E,4.0
6E_Z8744,2026-06-17 01:54:00+00:00,2026-06-17,6E,6.0
6E_Z8756,2026-06-17 02:06:00+00:00,2026-06-17,6E,3.0
6E_Z8768,2026-06-17 02:19:00+00:00,2026-06-17,6E,5.0
6E_Z8780,2026-06-17 02:35:00+00:00,2026-06-17,6E,2.0
6E_Z8792,2026-06-17 02:53:00+00:00,2026-06-17,6E,4.0
6E_Z8804,2026-06-17 03:05:00+00:00,2026-06-17,6E,6.0
6E_Z8816,2026-06-17 03:19:00+00:00,2026-06-17,6E,3.0
6E_Z8828,2026-06-17 03:33:00+00:00,2026-06-17,6E,5.0
6E_Z8840,2026-06-17 03:47:00+00:00,2026-06-17,6E,2.0
6E_Z8852,2026-06-17 04:00:00+00:00,2026-06-17,6E,4.0
6E_Z8864,2026-06-17 04:12:00+00:00,2026-06-17,6E,6.0
6E_Z8876,2026-06-17 04:27:00+00:00,2026-06-17,6E,3.0
6E_Z8888,2026-06-17 04:45:00+00:00,2026-06-17,6E,5.0
6E_Z8900,2026-06-17 04:58:00+00:00,2026-06-17,6E,2.0
6E_Z8912,2026-06-17 05:12:00+00:00,2026-06-17,6E,4.0
6E_Z8924,2026-06-17 05:26:00+00:00,2026-06-17,6E,6.0
6E_Z8936,2026-06-17 05:39:00+00:00,2026-06-17,6E,3.0
6E_Z8948,2026-06-17 05:51:00+00:00,2026-06-17,6E,5.0
6E_Z8960,2026-06-17 06:04:00+00:00,2026-06-17,6E,2.0
6E_Z8972,2026-06-17 06:16:00+00:00,2026-06-17,6E,4.0
6E_Z8984,2026-06-17 06:28:00+00:00,2026-06-17,6E,6.0
6E_Z8996,2026-06-17 06:40:00+00:00,2026-06-17,6E,3.0
6E_Z9008,2026-06-17 06:52:00+00:00,2026-06-17,6E,5.0
6E_Z9020,2026-06-17 07:04:00+00:00,2026-06-17,6E,2.0
6E_Z9032,2026-06-17 07:16:00+00:00,2026-06-17,6E,4.0
6E_Z9044,2026-06-17 07:28:00+00:00,2026-06-17,6E,6.0
6E_Z9056,2026-06-17 07:40:00+00:00,2026-06-17,6E,3.0
6E_Z9068,2026-06-17 07:52:00+00:00,2026-06-17,6E,5.0
6E_Z9080,2026-06-17 08:04:00+00:00,2026-06-17,6E,2.0
6E_Z9092,2026-06-17 08:16:00+00:00,2026-06-17,6E,4.0
6E_Z9104,2026-06-17 08:28:00+00:00,2026-06-17,6E,6.0
6E_Z9116,2026-06-17 08:40:00+00:00,2026-06-17,6E,3.0
6E_Z9128,2026-06-17 08:52:00+00:00,2026-06-17,6E,5.0
6E_Z9140,2026-06-17 09:04:00+00:00,2026-06-17,6E,2.0
6E_Z9152,2026-06-17 09:16:00+00:00,2026-06-17,6E,4.0
6E_Z9164,2026-06-17 09:28:00+00:00,2026-06-17,6E,6.0
6E_Z9176,2026-06-17 09:40:00+00:00,2026-06-17,6E,3.0
6E_Z9188,2026-06-17 09:53:00+00:00,2026-06-17,6E,5.0
6E_Z9200,2026-06-17 10:05:00+00:00,2026-06-17,6E,2.0
6E_Z9212,2026-06-17 10:17:00+00:00,2026-06-17,6E,4.0
6E_Z9224,2026-06-17 10:29:00+00:00,2026-06-17,6E,6.0
6E_Z9236,2026-06-17 10:41:00+00:00,2026-06-17,6E,3.0
6E_Z9248,2026-06-17 10:53:00+00:00,2026-06-17,6E,5.0
6E_Z9260,2026-06-17 11:05:00+00:00,2026-06-17,6E,2.0
6E_Z9272,2026-06-17 11:17:00+00:00,2026-06-17,6E,4.0
6E_Z9284,2026-06-17 11:29:00+00:00,2026-06-17,6E,6.0
6E_Z9296,2026-06-17 11:41:00+00:00,2026-06-17,6E,3.0
6E_Z9308,2026-06-17 11:53:00+00:00,2026-06-17,6E,5.0
6E_Z9320,2026-06-17 12:05:00+00:00,2026-06-17,6E,2.0
6E_Z9332,2026-06-17 12:17:00+00:00,2026-06-17,6E,4.0
6E_Z9344,2026-06-17 12:29:00+00:00,2026-06-17,6E,6.0
6E_Z9356,2026-06-17 12:41:00+00:00,2026-06-17,6E,3.0
6E_Z9368,2026-06-17 12:53:00+00:00,2026-06-17,6E,5.0
6E_Z9380,2026-06-17 13:05:00+00:00,2026-06-17,6E,2.0
6E_Z9392,2026-06-17 13:17:00+00:00,2026-06-17,6E,4.0
6E_Z9404,2026-06-17 13:29:00+00:00,2026-06-17,6E,6.0
6E_Z9416,2026-06-17 13:41:00+00:00,2026-06-17,6E,3.0
6E_Z9428,2026-06-17 13:53:00+00:00,2026-06-17,6E,5.0
6E_Z9440,2026-06-17 14:05:00+00:00,2026-06-17,6E,2.0
6E_Z9452,2026-06-17 14:17:00+00:00,2026-06-17,6E,4.0
6E_Z9464,2026-06-17 14:29:00+00:00,2026-06-17,6E,6.0
6E_Z9476,2026-06-17 14:41:00+00:00,2026-06-17,6E,3.0
6E_Z9488,2026-06-17 14:53:00+00:00,2026-06-17,6E,5.0
6E_Z9500,2026-06-17 15:05:00+00:00,2026-06-17,6E,2.0
6E_Z9512,2026-06-17 15:17:00+00:00,2026-06-17,6E,4.0
6E_Z9524,2026-06-17 15:29:00+00:00,2026-06-17,6E,6.0
6E_Z9536,2026-06-17 15:41:00+00:00,2026-06-17,6E,3.0
6E_Z9548,2026-06-17 15:53:00+00:00,2026-06-17,6E,5.0
6E_Z9560,2026-06-17 16:05:00+00:00,2026-06-17,6E,2.0
6E_Z9572,2026-06-17 16:17:00+00:00,2026-06-17,6E,4.0
6E_Z9584,2026-06-17 16:29:00+00:00,2026-06-17,6E,6.0
6E_Z9596,2026-06-17 16:41:00+00:00,2026-06-17,6E,3.0
6E_Z9608,2026-06-17 16:53:00+00:00,2026-06-17,6E,5.0
6E_Z9620,2026-06-17 17:06:00+00:00,2026-06-17,6E,2.0
6E_Z9632,2026-06-17 17:18:00+00:00,2026-06-17,6E,4.0
6E_Z9644,2026-06-17 17:30:00+00:00,2026-06-17,6E,6.0
6E_Z9656,2026-06-17 17:42:00+00:00,2026-06-17,6E,3.0
6E_Z9668,2026-06-17 17:54:00+00:00,2026-06-17,6E,5.0
6E_Z9680,2026-06-17 18:06:00+00:00,2026-06-17,6E,2.0
6E_Z9692,2026-06-17 18:18:00+00:00,2026-06-17,6E,4.0
6E_Z9704,2026-06-17 18:30:00+00:00,2026-06-17,6E,6.0
6E_Z9716,2026-06-17 18:42:00+00:00,2026-06-17,6E,3.0
6E_Z9728,2026-06-17 18:54:00+00:00,2026-06-17,6E,5.0
6E_Z9740,2026-06-17 19:06:00+00:00,2026-06-17,6E,2.0
6E_Z9752,2026-06-17 19:18:00+00:00,2026-06-17,6E,4.0
6E_Z9764,2026-06-17 19:30:00+00:00,2026-06-17,6E,6.0
6E_Z9776,2026-06-17 19:42:00+00:00,2026-06-17,6E,3.0
6E_Z9788,2026-06-17 19:54:00+00:00,2026-06-17,6E,5.0
6E_Z9800,2026-06-17 20:06:00+00:00,2026-06-17,6E,2.0
6E_Z9812,2026-06-17 20:18:00+00:00,2026-06-17,6E,4.0
6E_Z9824,2026-06-17 20:30:00+00:00,2026-06-17,6E,6.0
6E_Z9836,2026-06-17 20:42:00+00:00,2026-06-17,6E,3.0
6E_Z9848,2026-06-17 20:54:00+00:00,2026-06-17,6E,5.0
6E_Z9860,2026-06-17 22:06:00+00:00,2026-06-17,6E,2.0
6E_Z9872,2026-06-17 22:18:00+00:00,2026-06-17,6E,4.0
6E_Z9884,2026-06-17 22:30:00+00:00,2026-06-17,6E,6.0
6E_Z9896,2026-06-17 22:42:00+00:00,2026-06-17,6E,3.0
6E_Z9908,2026-06-17 22:54:00+00:00,2026-06-17,6E,5.0
6E_Z9920,2026-06-17 23:06:00+00:00,2026-06-17,6E,2.0
6E_Z9932,2026-06-17 23:21:00+00:00,2026-06-17,6E,4.0
6E_Z9944,2026-06-17 23:33:00+00:00,2026-06-17,6E,6.0
6E_Z9956,2026-06-17 23:45:00+00:00,2026-06-17,6E,3.0
6E_Z9968,2026-06-17 23:57:00+00:00,2026-06-17,6E,5.0
6E_Z9980,2026-06-18 00:09:00+00:00,2026-06-18,6E,2.0
6E_Z9992,2026-06-18 00:21:00+00:00,2026-06-18,6E,4.0
6E_Z10004,2026-06-18 00:33:00+00:00,2026-06-18,6E,6.0
6E_Z10016,2026-06-18 00:45:00+00:00,2026-06-18,6E,3.0
6E_Z10028,2026-06-18 00:57:00+00:00,2026-06-18,6E,5.0
6E_Z10040,2026-06-18 01:09:00+00:00,2026-06-18,6E,2.0
6E_Z10052,2026-06-18 01:21:00+00:00,2026-06-18,6E,4.0
6E_Z10064,2026-06-18 01:33:00+00:00,2026-06-18,6E,6.0
6E_Z10076,2026-06-18 01:45:00+00:00,2026-06-18,6E,3.0
6E_Z10088,2026-06-18 01:57:00+00:00,2026-06-18,6E,5.0
6E_Z10100,2026-06-18 02:09:00+00:00,2026-06-18,6E,2.0
6E_Z10112,2026-06-18 02:21:00+00:00,2026-06-18,6E,4.0
6E_Z10124,2026-06-18 02:35:00+00:00,2026-06-18,6E,6.0
6E_Z10136,2026-06-18 02:47:00+00:00,2026-06-18,6E,3.0
6E_Z10148,2026-06-18 03:00:00+00:00,2026-06-18,6E,5.0
6E_Z10160,2026-06-18 03:12:00+00:00,2026-06-18,6E,2.0
6E_Z10172,2026-06-18 03:24:00+00:00,2026-06-18,6E,4.0
6E_Z10184,2026-06-18 03:37:00+00:00,2026-06-18,6E,6.0
6E_Z10196,2026-06-18 03:51:00+00:00,2026-06-18,6E,3.0
6E_Z10208,2026-06-18 04:03:00+00:00,2026-06-18,6E,5.0
6E_Z10220,2026-06-18 04:15:00+00:00,2026-06-18,6E,2.0
6E_Z10232,2026-06-18 04:27:00+00:00,2026-06-18,6E,4.0
6E_Z10244,2026-06-18 04:39:00+00:00,2026-06-18,6E,6.0
6E_Z10256,2026-06-18 04:51:00+00:00,2026-06-18,6E,3.0
6E_Z10268,2026-06-18 05:04:00+00:00,2026-06-18,6E,5.0
6E_Z10280,2026-06-18 05:16:00+00:00,2026-06-18,6E,2.0
6E_Z10292,2026-06-18 05:29:00+00:00,2026-06-18,6E,4.0
6E_Z10304,2026-06-18 05:41:00+00:00,2026-06-18,6E,6.0
6E_Z10316,2026-06-18 05:53:00+00:00,2026-06-18,6E,3.0
