asset,variant,month,n,mean_net_usd,sum_net_usd,eligible_sessions
MNQ,BASE,202510,102,8.942156862745097,912.1000000000001,19
MNQ,BASE,202511,104,14.33365384615385,1490.7000000000003,18
MNQ,BASE,202512,101,-10.541584158415837,-1064.7,17
MNQ,BASE,202601,109,9.91926605504587,1081.2,20
MNQ,BASE,202602,111,12.097297297297294,1342.8000000000002,19
MNQ,BASE,202603,74,3.279729729729734,242.70000000000002,12
MNQ,BASE,202604,101,-2.9673267326732695,-299.6999999999999,18
MNQ,BASE,202605,93,-13.312903225806448,-1238.0999999999997,17
MNQ,BASE,202606,83,11.450602409638533,950.4,14
MNQ,SEP,202510,91,15.305494505494508,1392.8000000000002,19
MNQ,SEP,202511,98,11.769387755102041,1153.4,18
MNQ,SEP,202512,88,-14.65454545454545,-1289.6,17
MNQ,SEP,202601,101,13.557425742574257,1369.3,20
MNQ,SEP,202602,93,8.412903225806451,782.4000000000001,19
MNQ,SEP,202603,65,1.084615384615392,70.50000000000004,12
MNQ,SEP,202604,92,-1.5913043478260835,-146.39999999999992,18
MNQ,SEP,202605,87,-7.52758620689655,-654.8999999999997,17
MNQ,SEP,202606,76,10.188157894736829,774.3,14
RTY,BASE,202510,98,24.632653061224488,2414.0,19
RTY,BASE,202511,104,59.25,6162.0,18
RTY,BASE,202512,109,-17.80275229357798,-1940.5,19
RTY,BASE,202601,111,-2.3378378378378377,-259.5,20
RTY,BASE,202602,102,75.05882352941177,7656.0,19
RTY,BASE,202603,121,1.8636363636363635,225.5,21
RTY,BASE,202604,121,-23.053719008264462,-2789.5,21
RTY,BASE,202605,107,-53.33177570093458,-5706.5,20
RTY,BASE,202606,102,-76.95098039215686,-7849.0,18
RTY,SEP,202510,84,34.666666666666664,2912.0,19
RTY,SEP,202511,94,66.67021276595744,6267.0,18
RTY,SEP,202512,99,-14.954545454545455,-1480.5,19
RTY,SEP,202601,102,3.784313725490196,386.0,20
RTY,SEP,202602,93,87.16666666666667,8106.5,19
RTY,SEP,202603,104,20.884615384615383,2172.0,21
RTY,SEP,202604,111,-14.184684684684685,-1574.5,21
RTY,SEP,202605,97,-47.6958762886598,-4626.5,20
RTY,SEP,202606,87,-68.00574712643679,-5916.5,18
YM,BASE,202510,104,13.757692307692302,1430.7999999999993,19
YM,BASE,202511,99,29.391919191919193,2909.8,18
YM,BASE,202512,109,-1.680733944954112,-183.20000000000022,19
YM,BASE,202601,106,-64.13962264150942,-6798.8,20
YM,BASE,202602,104,-3.165384615384605,-329.1999999999994,19
YM,BASE,202603,125,-32.919999999999995,-4115.0,21
YM,BASE,202604,122,-12.586885245901628,-1535.5999999999997,21
YM,BASE,202605,106,-40.97924528301887,-4343.8,20
YM,BASE,202606,109,-46.35963302752295,-5053.2,20
YM,SEP,202510,97,47.21030927835053,4579.4,19
YM,SEP,202511,94,36.05106382978724,3388.8,18
YM,SEP,202512,100,4.300000000000015,429.99999999999983,19
YM,SEP,202601,92,-71.26739130434783,-6556.6,20
YM,SEP,202602,95,14.726315789473711,1399.0000000000007,19
YM,SEP,202603,109,-22.598165137614693,-2463.2,21
YM,SEP,202604,108,-14.66111111111112,-1583.3999999999999,21
YM,SEP,202605,95,-37.85263157894736,-3596.0,20
YM,SEP,202606,99,-61.163636363636364,-6055.2,20
