session_index,cme_session,contract,n_K_ABS,n_K_BT2,file_bytes,file_sha256,payload_sha256,source_event_checkpoint_sha256,nrand_anchor_matrix_sha256
0,20250804,GC 12-25,33,20,39682,381dede863662148451c92bdae9252e0b739a9fdb5ba885bb04412144435f477,cfa0a8a8fb512dfc59d34cfed352c9fe44ba1f4ce951347d9966935a8eb1c2f2,5bb3b91b2cef85b8188c576ae67836c4cf3aa6e40bc38bc058adf012ee15bcb2,ae43435a1547316a7d81a1d559a686f38f4cbe1abc30de5c5a2655ea61402d3f
1,20250805,GC 12-25,27,20,39845,b95584a931d0445f9ea0a53d02d199eacb42b5efd75e1c4d62943bfc4762ea3e,1b292ab40022483ab82ceba98bbbc03637fc29c8ea5c147efc5ea7046c8f11b7,966aacb1da30a6e0a2c99247067efb641dddd12ad9015488f7a8280774b14156,a3ca924573cd106a2e5b2339c5eb5ab6e647638a6a30dabbceae201ca1c33430
2,20250806,GC 12-25,31,14,39507,6bb4b3752c69406def4724acace6f63f0d2a2d4071ad4e8a57ca30902bb4d57d,2b15ac82d2c9d0969b3c8ab43956691d05808b3e3f2df5566cc9bc9922e55a80,43f5f324226c899602fa17eddd5de6bf3fed43a45df28c84ac1670e003550f1e,9684f8286602394a36006627f1ab24581710d893ead7d1cff5bc82d67fd02214
3,20250807,GC 12-25,53,34,41712,24843b7c86c5d9e7cb76ec96877a017379cadf5b863abe26f01ab3a759eeb012,2648976ddbc39a3305782d708336f937906a3f132c2bcc2adce66675e225d977,00ac70fa03687dddd817ab779031cf66621658d980567b2c50d3de4066de0a3c,9c64f0ed060376a7ea1e90075ca0f18b442f3bc45e7a22dc10e1aaf314382b9c
4,20250808,GC 12-25,125,41,39014,3e6563823bc80f7adeb29ad04fb74099e49c255855972e29450560041e864efc,e9240252379f108423c0543addf3e7afa79b33a48398515b8b680cb1e6db3c0a,43e7ccc954ece7118d2a032375f5058239f64c372efb22aba97fc9bfa705242b,709febb2ea321606ede52e727dae494a75b81871ce804aa5f028151b758db1a4
5,20250811,GC 12-25,70,28,41305,98fa664741914be4aa5b4b212f5cf9847d7d9d29b40f697a1f595507454e25a6,07c340c190a35084d5d0fb50dc687969c4a4409cf695fb165b776bd997913394,4ec0fbb808f6a3039475cbf9c44a47da7221e37a86c172f70ab16168373535b1,6275dc2be6fdd76da14799b33c91a897a96e0079a398b851257cfaf76b9a3a71
6,20250812,GC 12-25,45,14,41437,fb6426d8c6c9fee0d1cf74d23340d880857ff30d34b3314a8d848229f63784db,7bebd7909ae25781c8f7ff62e67bd6153b625c39ab6cc14428c10631effda99e,ec277e98ea5a9338b3de8b0d20ea6d65d55e68ca1bad155931e045d7d51a7f3e,b55b261bf1064a662330658032cfde30510b8c165fbc3cb044852234a4645d14
7,20250813,GC 12-25,27,11,40232,f446044b1f3853ba69d892e1a49a0f3f68077ef56f82a9ff770b04454e138df8,332eeee35e95a20012590d1703d25d43cdfb171981d2399a7ec9048a7fdf1603,3ed3ed008f66db90242c909933e4aa4ac68975b7e33135c088b3156bfdaed708,395de8adaeb349c193ad262797a212cf7b7f9e8359bfd307df1c8cb5a75a858e
8,20250814,GC 12-25,53,21,41215,33ab7bc68c4a8e3272915921d998baa43ad03f90686c7656b417833e243afad9,6802724177d689e59fc5ac4b7e9f8e2bf1da15e00b229193330654d5f9e29e54,40174bccb71dc6ed859b8fb55bba8f78d99337ec9f595354715fbf1a1e441f57,e1896f2697ca821b628494ed4c6376a34df21f418528d0918e6fa3ee1342671f
9,20250815,GC 12-25,25,7,36575,6ae9140b510ba7da40579dc338e1576bae4f64eea3bb385a276962163fb92406,3dcf17d04636abc47882aa55db3ef98c5b458df301d0497d77536f22a7b2b255,3669895c6040674b4fd345490c920b6151ec25c4f517f0725609f9a4650f0daf,f9f26ac91a2b4de214d600f0ef9faba6b1817985914de3afd1403908f058e801
10,20250818,GC 12-25,28,14,40293,3b53151a1070fb4a3ff6b21fbec1909e6f86fbd09d410dabe240f77edd100c3f,3fd21012245bc344fd95c6803751d8a4c0408adb0fe9c600e253d1ebe3abbfaf,8fe4a951c4cdb84585f2e5131bf6f79963acf70e1c7338a1247db52ca0e7dd52,0bfd6bf61c097bd467a6e6075cfee2100c4c042920836e1e4d3c476b717da1d8
11,20250819,GC 12-25,24,9,38660,34c90584b0aa89d22c26ea45341a65bf3944948f05a7040234facdcde1345ec9,0393942e4156a04238a1ed5ffdcb4ef86e0f5f965bec6594aa1431567da31ee6,f528fb2183b46723d6f92d3696b88c9e8f9b4be700e5602398cf587bea0b1843,d542edc25017f055c86b3038e2d14c9ead3267ad56c1c04101c950f8d7a24165
12,20250820,GC 12-25,24,15,38538,d54edb72532f7a908bcaaae74d1977a6d6c51284a5efc6b18c4775042e198ce2,8df4d98bd1c622a0e82870e578e6b6b855559c7497dcceeb386ce637a83d4d00,0d93a325be29f94df4701b56cf738f702bb0397270b7a62938c8afe3a6549f93,0319e6dd5ece12453d27bb317064f4bfa71f4286aed05175b23ede36ea921d91
13,20250821,GC 12-25,21,14,39775,d221ece6ce3ff49b8a90888d4e0ff64089b7fd1baafc9cbe4382231c3073db16,d5ced0a0566d3bb83b37a894e864e9f55dbf0a1a87ea35b0e39d941f5c7a1df9,94cd57fbd8b4e48f64cdf8d4af4e556c2c0944c40f832a45a1aaa8e3c7b5e034,19c194110979da714280cf8351894bb993350759904f29433791dd5bb58c583f
14,20250822,GC 12-25,37,34,41261,b044f32308ae30124f45f4b70ede490b3c526a1a34c67f5973de20441fdea62d,95c82ce390e794cccea0a4dc6275c9dda755ea28ba8a7c06685e8d23cafaf2ee,2b7a344bef1f793d9d362016cf936eaadd37ce08bd5bd42fe9970f679621603b,13b70eefb5b053f7b42a6205e725fa2fd898233013d1462cf6ebb17452d7ed5f
15,20250825,GC 12-25,11,11,38529,500cd0a18da04e57b9a855755a0dc1ea62c724c64933f7b2f7b2aefe6dd39159,f587e3ec39811998ccf86a33b4c5e83709aea22df5b9487e75b8a9d6dfe623a7,3e7de578ff3411ad9871e9dce7ee44506bbada8e7e97f29b7c1a96daee69e8ed,294474d739a7861029036035b1ceeb4716523e612f3c80d6cd553bb79a5bb68a
16,20250826,GC 12-25,27,22,40630,86166c7868397e7ed64821199bd43ebe06ddf8001e2a0558b67f459449a095f7,3c5ff39a86554e21d6326e7b59f019ce88d0dae00e5ea378d8408acf196aad51,da339f40ff36c7e42e9875593f2fe037885a8fc6c01826b10b74f3965d589922,c404f5b40feb041e06138c97403b25ed6f1c9abec06ee81ba8da25d9aafddcbf
17,20250827,GC 12-25,15,10,37579,efca826309a98d5a894b4bddd45f26e013da43a28375622fb2690e2a75ee51f0,89cc8de9802f99ec61a8fba956d870daa0a6da29b530136df7018153357b40ef,999b7a13a7390c44ab3623172ec373a00d48444e099eb6d5b7b490044a167f27,59dd28320e76ea709c6ac1678a918d22674879868fb370c04388d7a71f7c39e1
18,20250828,GC 12-25,15,19,38830,dbf0ea24900e5efd2d023637392a379a6329e999aae501ada022d31ca7488c95,44dca917fd57af18d28a96552b707402fed864d5881e75265ce9d423d0f71f18,2e8ff4cb8c6a38ff4c95c930abd867043b070eafcf14b7dd1c9455b25cdd4b69,84abcf1d338ec1452662ec5a1c92d15e7ac11a958ff962b6073d50e2e7d7a735
19,20250829,GC 12-25,17,18,39952,e9fe3373af7a91c5dfbc34285afe32ce28dbd405c9fac2f35f0696ecc399c5e6,aaf588940809900761d07d46be7732ff3c98ed9f0c45adc7b8df6ef3579d2e1b,038c6efa17e60f963c8c4e524c34abf6d52db71a4cb275cc0ea23bdccd2e5911,6b3ced68d0867ad248eb2f07e1cc4a2f3ffbb241a85a7a4c2e0cc23f3d7a1c32
