barrier_ticks,horizon,contrast,point,lower,upper,p_two_sided,p_holm_16,n_sessions,replications
5,5,K_ABS_minus_K_ABS_SHUFFLE,-0.0074349663030506405,-0.021850925376327525,0.007153280782476855,0.30356964303569645,,234,10000
5,5,K_ABS_minus_K_BT2,-0.03244162764778123,-0.06387469294703127,-0.0010370011158359624,0.044795520447955206,,234,10000
5,5,K_ABS_minus_N_RAND,-0.0019973063966429814,-0.017198074023187182,0.013190330852768235,0.795920407959204,,234,10000
5,30,K_ABS_minus_K_ABS_SHUFFLE,-0.006226793734677087,-0.02294360854355294,0.010880941753542619,0.47925207479252074,,234,10000
5,30,K_ABS_minus_K_BT2,-0.04004588656337655,-0.07636463520191158,-0.004621052130372138,0.029097090290970903,,234,10000
5,30,K_ABS_minus_N_RAND,0.0034696202336548013,-0.014395517080861382,0.02100052999671922,0.7006299370062994,,234,10000
5,120,K_ABS_minus_K_ABS_SHUFFLE,-0.012732390151583109,-0.03170257032198573,0.006263383676407593,0.18948105189481051,,234,10000
5,120,K_ABS_minus_K_BT2,-0.04942360197601414,-0.08626132731608449,-0.012258805809410057,0.008099190080991902,,234,10000
5,120,K_ABS_minus_N_RAND,0.0014727954097908463,-0.01767534168728244,0.021436663982507834,0.8765123487651235,,234,10000
9,5,K_ABS_minus_K_ABS_SHUFFLE,-0.005847789063633782,-0.016190888167209098,0.004575432824430363,0.26907309269073093,,234,10000
9,5,K_ABS_minus_K_BT2,-0.014647873554452365,-0.041213851773778266,0.011468887274242678,0.2822717728227177,,234,10000
9,5,K_ABS_minus_N_RAND,-0.004302168368262742,-0.014748036768204714,0.006002428265130496,0.4216578342165783,,234,10000
9,30,K_ABS_minus_K_ABS_SHUFFLE,-0.008643677160396598,-0.022895474869843415,0.005708159126575184,0.23797620237976203,,234,10000
9,30,K_ABS_minus_K_BT2,-0.03777927066986799,-0.0744673422238274,-0.0012637915886249405,0.0466953304669533,,234,10000
9,30,K_ABS_minus_N_RAND,0.004079023536467878,-0.010653734085218192,0.019309169864147647,0.595940405959404,,234,10000
9,120,K_ABS_minus_K_ABS_SHUFFLE,-0.007878396241157144,-0.024397282746114492,0.008690805182130468,0.35736426357364265,,234,10000
9,120,K_ABS_minus_K_BT2,-0.032453665121437984,-0.07270863623694887,0.00617557660841368,0.10798920107989202,,234,10000
9,120,K_ABS_minus_N_RAND,0.010256493218237772,-0.007240639398576289,0.027547895382766016,0.24747525247475252,,234,10000
18,5,K_ABS_minus_K_ABS_SHUFFLE,-0.0053305137972067965,-0.010511631087178739,-0.0002959008702513505,0.0420957904209579,,234,10000
18,5,K_ABS_minus_K_BT2,0.014827893523234867,-0.0022863289158421406,0.031951930550415245,0.09509049095090491,,234,10000
18,5,K_ABS_minus_N_RAND,-0.005012003812679742,-0.010029562636798463,5.291469563911428e-06,0.053594640535946404,,234,10000
18,30,K_ABS_minus_K_ABS_SHUFFLE,-0.009176223337824347,-0.02082483610628894,0.002278787826126151,0.12198780121987801,,234,10000
18,30,K_ABS_minus_K_BT2,0.013453426267961362,-0.012970319743598654,0.04012253936087219,0.3374662533746625,,234,10000
18,30,K_ABS_minus_N_RAND,-0.0024014826489961007,-0.012802688430786092,0.008084744257423943,0.6557344265573443,,234,10000
18,120,K_ABS_minus_K_ABS_SHUFFLE,-0.00351994786038316,-0.017590603722853204,0.010338599442268807,0.6178382161783822,,234,10000
18,120,K_ABS_minus_K_BT2,-0.0007416444411576062,-0.03836487518520323,0.03537488072099144,0.9693030696930307,,234,10000
18,120,K_ABS_minus_N_RAND,0.01253683832816765,-0.0021203029795498463,0.026901413606344127,0.0893910608939106,,234,10000
30,5,K_ABS_minus_K_ABS_SHUFFLE,-0.001796352861480673,-0.004779759837870128,0.0012181298842317246,0.2405759424057594,,234,10000
30,5,K_ABS_minus_K_BT2,0.005658913284893028,-0.003676979000226566,0.014966846440078807,0.2420757924207579,,234,10000
30,5,K_ABS_minus_N_RAND,-0.0015854721930907546,-0.004438022095043711,0.0013595649669823405,0.28247175282471754,,234,10000
30,30,K_ABS_minus_K_ABS_SHUFFLE,0.0018353469460720942,-0.006077528227429475,0.009809188560321997,0.6617338266173383,,234,10000
30,30,K_ABS_minus_K_BT2,0.01977929583348777,-0.0011178190825457733,0.0407797562214177,0.06829317068293171,,234,10000
30,30,K_ABS_minus_N_RAND,0.001185482037891249,-0.006483644566304246,0.008818914777752797,0.767023297670233,,234,10000
30,120,K_ABS_minus_K_ABS_SHUFFLE,0.0037339704597990973,-0.007756632784765203,0.015626421998888043,0.5312468753124687,,234,10000
30,120,K_ABS_minus_K_BT2,0.008100754404712755,-0.020648588252342073,0.03613684139841063,0.5753424657534246,,234,10000
30,120,K_ABS_minus_N_RAND,0.014676558226133691,0.002922938457938151,0.026273899252648128,0.015298470152984701,,234,10000
